policy_id,model_year,category,cash_usd,pv_usd,operating_cash_usd
commit:1,1,commit_fees,0.0,0.0,0.0
commit:1,1,commit_setup,0.0,0.0,0.0
commit:1,1,commitment,350400.0,332891.195797987,350400.0
commit:1,1,on_demand,2271225.5999999996,2156713.0876776916,2271225.5999999996
commit:1,1,variable_service,0.0,0.0,0.0
commit:1,2,commit_fees,0.0,0.0,0.0
commit:1,2,commit_setup,0.0,0.0,0.0
commit:1,2,commitment,351360.0,303467.10800587264,351360.0
commit:1,2,on_demand,2398643.2,2071222.3014889176,2398643.2
commit:1,2,variable_service,0.0,0.0,0.0
commit:1,3,commit_fees,0.0,0.0,0.0
commit:1,3,commit_setup,0.0,0.0,0.0
commit:1,3,commitment,350400.0,275116.69074213796,350400.0
commit:1,3,on_demand,2408550.4,1891067.4292229156,2408550.4
commit:1,3,variable_service,0.0,0.0,0.0
commit:10,1,commit_fees,0.0,0.0,0.0
commit:10,1,commit_setup,0.0,0.0,0.0
commit:10,1,commitment,3504000.0,3328911.9579798696,3504000.0
commit:10,1,on_demand,0.0,0.0,0.0
commit:10,1,variable_service,0.0,0.0,0.0
commit:10,2,commit_fees,0.0,0.0,0.0
commit:10,2,commit_setup,0.0,0.0,0.0
commit:10,2,commitment,3513600.0,3034671.080058726,3513600.0
commit:10,2,on_demand,9425.6,7887.039208229529,9425.6
commit:10,2,variable_service,0.0,0.0,0.0
commit:10,3,commit_fees,0.0,0.0,0.0
commit:10,3,commit_setup,0.0,0.0,0.0
commit:10,3,commitment,3504000.0,2751166.9074213794,3504000.0
commit:10,3,on_demand,74923.20000000001,58351.12169313059,74923.20000000001
commit:10,3,variable_service,0.0,0.0,0.0
commit:11,1,commit_fees,0.0,0.0,0.0
commit:11,1,commit_setup,0.0,0.0,0.0
commit:11,1,commitment,3854400.0,3661803.1537778573,3854400.0
commit:11,1,on_demand,0.0,0.0,0.0
commit:11,1,variable_service,0.0,0.0,0.0
commit:11,2,commit_fees,0.0,0.0,0.0
commit:11,2,commit_setup,0.0,0.0,0.0
commit:11,2,commitment,3864960.0,3338138.188064598,3864960.0
commit:11,2,on_demand,0.0,0.0,0.0
commit:11,2,variable_service,0.0,0.0,0.0
commit:11,3,commit_fees,0.0,0.0,0.0
commit:11,3,commit_setup,0.0,0.0,0.0
commit:11,3,commitment,3854400.0,3026283.598163517,3854400.0
commit:11,3,on_demand,0.0,0.0,0.0
commit:11,3,variable_service,0.0,0.0,0.0
commit:12,1,commit_fees,0.0,0.0,0.0
commit:12,1,commit_setup,0.0,0.0,0.0
commit:12,1,commitment,4204800.0,3994694.3495758437,4204800.0
commit:12,1,on_demand,0.0,0.0,0.0
commit:12,1,variable_service,0.0,0.0,0.0
commit:12,2,commit_fees,0.0,0.0,0.0
commit:12,2,commit_setup,0.0,0.0,0.0
commit:12,2,commitment,4216320.0,3641605.2960704714,4216320.0
commit:12,2,on_demand,0.0,0.0,0.0
commit:12,2,variable_service,0.0,0.0,0.0
commit:12,3,commit_fees,0.0,0.0,0.0
commit:12,3,commit_setup,0.0,0.0,0.0
commit:12,3,commitment,4204800.0,3301400.288905655,4204800.0
commit:12,3,on_demand,0.0,0.0,0.0
commit:12,3,variable_service,0.0,0.0,0.0
commit:13,1,commit_fees,0.0,0.0,0.0
commit:13,1,commit_setup,0.0,0.0,0.0
commit:13,1,commitment,4555200.0,4327585.545373831,4555200.0
commit:13,1,on_demand,0.0,0.0,0.0
commit:13,1,variable_service,0.0,0.0,0.0
commit:13,2,commit_fees,0.0,0.0,0.0
commit:13,2,commit_setup,0.0,0.0,0.0
commit:13,2,commitment,4567680.0,3945072.404076344,4567680.0
commit:13,2,on_demand,0.0,0.0,0.0
commit:13,2,variable_service,0.0,0.0,0.0
commit:13,3,commit_fees,0.0,0.0,0.0
commit:13,3,commit_setup,0.0,0.0,0.0
commit:13,3,commitment,4555200.0,3576516.9796477933,4555200.0
commit:13,3,on_demand,0.0,0.0,0.0
commit:13,3,variable_service,0.0,0.0,0.0
commit:14,1,commit_fees,0.0,0.0,0.0
commit:14,1,commit_setup,0.0,0.0,0.0
commit:14,1,commitment,4905600.0,4660476.741171817,4905600.0
commit:14,1,on_demand,0.0,0.0,0.0
commit:14,1,variable_service,0.0,0.0,0.0
commit:14,2,commit_fees,0.0,0.0,0.0
commit:14,2,commit_setup,0.0,0.0,0.0
commit:14,2,commitment,4919040.0,4248539.512082215,4919040.0
commit:14,2,on_demand,0.0,0.0,0.0
commit:14,2,variable_service,0.0,0.0,0.0
commit:14,3,commit_fees,0.0,0.0,0.0
commit:14,3,commit_setup,0.0,0.0,0.0
commit:14,3,commitment,4905600.0,3851633.670389931,4905600.0
commit:14,3,on_demand,0.0,0.0,0.0
commit:14,3,variable_service,0.0,0.0,0.0
commit:15,1,commit_fees,0.0,0.0,0.0
commit:15,1,commit_setup,0.0,0.0,0.0
commit:15,1,commitment,5256000.0,4993367.936969805,5256000.0
commit:15,1,on_demand,0.0,0.0,0.0
commit:15,1,variable_service,0.0,0.0,0.0
commit:15,2,commit_fees,0.0,0.0,0.0
commit:15,2,commit_setup,0.0,0.0,0.0
commit:15,2,commitment,5270400.0,4552006.620088089,5270400.0
commit:15,2,on_demand,0.0,0.0,0.0
commit:15,2,variable_service,0.0,0.0,0.0
commit:15,3,commit_fees,0.0,0.0,0.0
commit:15,3,commit_setup,0.0,0.0,0.0
commit:15,3,commitment,5256000.0,4126750.3611320695,5256000.0
commit:15,3,on_demand,0.0,0.0,0.0
commit:15,3,variable_service,0.0,0.0,0.0
commit:16,1,commit_fees,0.0,0.0,0.0
commit:16,1,commit_setup,0.0,0.0,0.0
commit:16,1,commitment,5606400.0,5326259.132767792,5606400.0
commit:16,1,on_demand,0.0,0.0,0.0
commit:16,1,variable_service,0.0,0.0,0.0
commit:16,2,commit_fees,0.0,0.0,0.0
commit:16,2,commit_setup,0.0,0.0,0.0
commit:16,2,commitment,5621760.0,4855473.728093962,5621760.0
commit:16,2,on_demand,0.0,0.0,0.0
commit:16,2,variable_service,0.0,0.0,0.0
commit:16,3,commit_fees,0.0,0.0,0.0
commit:16,3,commit_setup,0.0,0.0,0.0
commit:16,3,commitment,5606400.0,4401867.051874207,5606400.0
commit:16,3,on_demand,0.0,0.0,0.0
commit:16,3,variable_service,0.0,0.0,0.0
commit:17,1,commit_fees,0.0,0.0,0.0
commit:17,1,commit_setup,0.0,0.0,0.0
commit:17,1,commitment,5956800.0,5659150.328565779,5956800.0
commit:17,1,on_demand,0.0,0.0,0.0
commit:17,1,variable_service,0.0,0.0,0.0
commit:17,2,commit_fees,0.0,0.0,0.0
commit:17,2,commit_setup,0.0,0.0,0.0
commit:17,2,commitment,5973120.0,5158940.836099834,5973120.0
commit:17,2,on_demand,0.0,0.0,0.0
commit:17,2,variable_service,0.0,0.0,0.0
commit:17,3,commit_fees,0.0,0.0,0.0
commit:17,3,commit_setup,0.0,0.0,0.0
commit:17,3,commitment,5956800.0,4676983.742616344,5956800.0
commit:17,3,on_demand,0.0,0.0,0.0
commit:17,3,variable_service,0.0,0.0,0.0
commit:18,1,commit_fees,0.0,0.0,0.0
commit:18,1,commit_setup,0.0,0.0,0.0
commit:18,1,commitment,6307200.0,5992041.524363765,6307200.0
commit:18,1,on_demand,0.0,0.0,0.0
commit:18,1,variable_service,0.0,0.0,0.0
commit:18,2,commit_fees,0.0,0.0,0.0
commit:18,2,commit_setup,0.0,0.0,0.0
commit:18,2,commitment,6324480.0,5462407.944105706,6324480.0
commit:18,2,on_demand,0.0,0.0,0.0
commit:18,2,variable_service,0.0,0.0,0.0
commit:18,3,commit_fees,0.0,0.0,0.0
commit:18,3,commit_setup,0.0,0.0,0.0
commit:18,3,commitment,6307200.0,4952100.433358482,6307200.0
commit:18,3,on_demand,0.0,0.0,0.0
commit:18,3,variable_service,0.0,0.0,0.0
commit:19,1,commit_fees,0.0,0.0,0.0
commit:19,1,commit_setup,0.0,0.0,0.0
commit:19,1,commitment,6657600.0,6324932.720161751,6657600.0
commit:19,1,on_demand,0.0,0.0,0.0
commit:19,1,variable_service,0.0,0.0,0.0
commit:19,2,commit_fees,0.0,0.0,0.0
commit:19,2,commit_setup,0.0,0.0,0.0
commit:19,2,commitment,6675840.0,5765875.052111579,6675840.0
commit:19,2,on_demand,0.0,0.0,0.0
commit:19,2,variable_service,0.0,0.0,0.0
commit:19,3,commit_fees,0.0,0.0,0.0
commit:19,3,commit_setup,0.0,0.0,0.0
commit:19,3,commitment,6657600.0,5227217.124100621,6657600.0
commit:19,3,on_demand,0.0,0.0,0.0
commit:19,3,variable_service,0.0,0.0,0.0
commit:2,1,commit_fees,0.0,0.0,0.0
commit:2,1,commit_setup,0.0,0.0,0.0
commit:2,1,commitment,700800.0,665782.391595974,700800.0
commit:2,1,on_demand,1788662.4000000001,1698260.6323990943,1788662.4000000001
commit:2,1,variable_service,0.0,0.0,0.0
commit:2,2,commit_fees,0.0,0.0,0.0
commit:2,2,commit_setup,0.0,0.0,0.0
commit:2,2,commitment,702720.0,606934.2160117453,702720.0
commit:2,2,on_demand,1934036.8,1669410.075870465,1934036.8
commit:2,2,variable_service,0.0,0.0,0.0
commit:2,3,commit_fees,0.0,0.0,0.0
commit:2,3,commit_setup,0.0,0.0,0.0
commit:2,3,commitment,700800.0,550233.3814842759,700800.0
commit:2,3,on_demand,2077760.0,1630391.9397320542,2077760.0
commit:2,3,variable_service,0.0,0.0,0.0
commit:20,1,commit_fees,0.0,0.0,0.0
commit:20,1,commit_setup,0.0,0.0,0.0
commit:20,1,commitment,7008000.0,6657823.915959739,7008000.0
commit:20,1,on_demand,0.0,0.0,0.0
commit:20,1,variable_service,0.0,0.0,0.0
commit:20,2,commit_fees,0.0,0.0,0.0
commit:20,2,commit_setup,0.0,0.0,0.0
commit:20,2,commitment,7027200.0,6069342.160117452,7027200.0
commit:20,2,on_demand,0.0,0.0,0.0
commit:20,2,variable_service,0.0,0.0,0.0
commit:20,3,commit_fees,0.0,0.0,0.0
commit:20,3,commit_setup,0.0,0.0,0.0
commit:20,3,commitment,7008000.0,5502333.814842759,7008000.0
commit:20,3,on_demand,0.0,0.0,0.0
commit:20,3,variable_service,0.0,0.0,0.0
commit:21,1,commit_fees,0.0,0.0,0.0
commit:21,1,commit_setup,0.0,0.0,0.0
commit:21,1,commitment,7358400.0,6990715.1117577255,7358400.0
commit:21,1,on_demand,0.0,0.0,0.0
commit:21,1,variable_service,0.0,0.0,0.0
commit:21,2,commit_fees,0.0,0.0,0.0
commit:21,2,commit_setup,0.0,0.0,0.0
commit:21,2,commitment,7378560.0,6372809.268123325,7378560.0
commit:21,2,on_demand,0.0,0.0,0.0
commit:21,2,variable_service,0.0,0.0,0.0
commit:21,3,commit_fees,0.0,0.0,0.0
commit:21,3,commit_setup,0.0,0.0,0.0
commit:21,3,commitment,7358400.0,5777450.5055848975,7358400.0
commit:21,3,on_demand,0.0,0.0,0.0
commit:21,3,variable_service,0.0,0.0,0.0
commit:22,1,commit_fees,0.0,0.0,0.0
commit:22,1,commit_setup,0.0,0.0,0.0
commit:22,1,commitment,7708800.0,7323606.307555715,7708800.0
commit:22,1,on_demand,0.0,0.0,0.0
commit:22,1,variable_service,0.0,0.0,0.0
commit:22,2,commit_fees,0.0,0.0,0.0
commit:22,2,commit_setup,0.0,0.0,0.0
commit:22,2,commitment,7729920.0,6676276.376129196,7729920.0
commit:22,2,on_demand,0.0,0.0,0.0
commit:22,2,variable_service,0.0,0.0,0.0
commit:22,3,commit_fees,0.0,0.0,0.0
commit:22,3,commit_setup,0.0,0.0,0.0
commit:22,3,commitment,7708800.0,6052567.196327034,7708800.0
commit:22,3,on_demand,0.0,0.0,0.0
commit:22,3,variable_service,0.0,0.0,0.0
commit:23,1,commit_fees,0.0,0.0,0.0
commit:23,1,commit_setup,0.0,0.0,0.0
commit:23,1,commitment,8059200.0,7656497.5033537,8059200.0
commit:23,1,on_demand,0.0,0.0,0.0
commit:23,1,variable_service,0.0,0.0,0.0
commit:23,2,commit_fees,0.0,0.0,0.0
commit:23,2,commit_setup,0.0,0.0,0.0
commit:23,2,commitment,8081280.0,6979743.484135071,8081280.0
commit:23,2,on_demand,0.0,0.0,0.0
commit:23,2,variable_service,0.0,0.0,0.0
commit:23,3,commit_fees,0.0,0.0,0.0
commit:23,3,commit_setup,0.0,0.0,0.0
commit:23,3,commitment,8059200.0,6327683.887069173,8059200.0
commit:23,3,on_demand,0.0,0.0,0.0
commit:23,3,variable_service,0.0,0.0,0.0
commit:24,1,commit_fees,0.0,0.0,0.0
commit:24,1,commit_setup,0.0,0.0,0.0
commit:24,1,commitment,8409600.0,7989388.699151687,8409600.0
commit:24,1,on_demand,0.0,0.0,0.0
commit:24,1,variable_service,0.0,0.0,0.0
commit:24,2,commit_fees,0.0,0.0,0.0
commit:24,2,commit_setup,0.0,0.0,0.0
commit:24,2,commitment,8432640.0,7283210.592140943,8432640.0
commit:24,2,on_demand,0.0,0.0,0.0
commit:24,2,variable_service,0.0,0.0,0.0
commit:24,3,commit_fees,0.0,0.0,0.0
commit:24,3,commit_setup,0.0,0.0,0.0
commit:24,3,commitment,8409600.0,6602800.57781131,8409600.0
commit:24,3,on_demand,0.0,0.0,0.0
commit:24,3,variable_service,0.0,0.0,0.0
commit:25,1,commit_fees,0.0,0.0,0.0
commit:25,1,commit_setup,0.0,0.0,0.0
commit:25,1,commitment,8760000.0,8322279.894949674,8760000.0
commit:25,1,on_demand,0.0,0.0,0.0
commit:25,1,variable_service,0.0,0.0,0.0
commit:25,2,commit_fees,0.0,0.0,0.0
commit:25,2,commit_setup,0.0,0.0,0.0
commit:25,2,commitment,8784000.0,7586677.700146815,8784000.0
commit:25,2,on_demand,0.0,0.0,0.0
commit:25,2,variable_service,0.0,0.0,0.0
commit:25,3,commit_fees,0.0,0.0,0.0
commit:25,3,commit_setup,0.0,0.0,0.0
commit:25,3,commitment,8760000.0,6877917.268553451,8760000.0
commit:25,3,on_demand,0.0,0.0,0.0
commit:25,3,variable_service,0.0,0.0,0.0
commit:26,1,commit_fees,0.0,0.0,0.0
commit:26,1,commit_setup,0.0,0.0,0.0
commit:26,1,commitment,9110400.0,8655171.090747662,9110400.0
commit:26,1,on_demand,0.0,0.0,0.0
commit:26,1,variable_service,0.0,0.0,0.0
commit:26,2,commit_fees,0.0,0.0,0.0
commit:26,2,commit_setup,0.0,0.0,0.0
commit:26,2,commitment,9135360.0,7890144.808152688,9135360.0
commit:26,2,on_demand,0.0,0.0,0.0
commit:26,2,variable_service,0.0,0.0,0.0
commit:26,3,commit_fees,0.0,0.0,0.0
commit:26,3,commit_setup,0.0,0.0,0.0
commit:26,3,commitment,9110400.0,7153033.959295587,9110400.0
commit:26,3,on_demand,0.0,0.0,0.0
commit:26,3,variable_service,0.0,0.0,0.0
commit:27,1,commit_fees,0.0,0.0,0.0
commit:27,1,commit_setup,0.0,0.0,0.0
commit:27,1,commitment,9460800.0,8988062.286545647,9460800.0
commit:27,1,on_demand,0.0,0.0,0.0
commit:27,1,variable_service,0.0,0.0,0.0
commit:27,2,commit_fees,0.0,0.0,0.0
commit:27,2,commit_setup,0.0,0.0,0.0
commit:27,2,commitment,9486720.0,8193611.916158561,9486720.0
commit:27,2,on_demand,0.0,0.0,0.0
commit:27,2,variable_service,0.0,0.0,0.0
commit:27,3,commit_fees,0.0,0.0,0.0
commit:27,3,commit_setup,0.0,0.0,0.0
commit:27,3,commitment,9460800.0,7428150.6500377245,9460800.0
commit:27,3,on_demand,0.0,0.0,0.0
commit:27,3,variable_service,0.0,0.0,0.0
commit:28,1,commit_fees,0.0,0.0,0.0
commit:28,1,commit_setup,0.0,0.0,0.0
commit:28,1,commitment,9811200.0,9320953.482343635,9811200.0
commit:28,1,on_demand,0.0,0.0,0.0
commit:28,1,variable_service,0.0,0.0,0.0
commit:28,2,commit_fees,0.0,0.0,0.0
commit:28,2,commit_setup,0.0,0.0,0.0
commit:28,2,commitment,9838080.0,8497079.02416443,9838080.0
commit:28,2,on_demand,0.0,0.0,0.0
commit:28,2,variable_service,0.0,0.0,0.0
commit:28,3,commit_fees,0.0,0.0,0.0
commit:28,3,commit_setup,0.0,0.0,0.0
commit:28,3,commitment,9811200.0,7703267.340779862,9811200.0
commit:28,3,on_demand,0.0,0.0,0.0
commit:28,3,variable_service,0.0,0.0,0.0
commit:29,1,commit_fees,0.0,0.0,0.0
commit:29,1,commit_setup,0.0,0.0,0.0
commit:29,1,commitment,10161600.0,9653844.678141622,10161600.0
commit:29,1,on_demand,0.0,0.0,0.0
commit:29,1,variable_service,0.0,0.0,0.0
commit:29,2,commit_fees,0.0,0.0,0.0
commit:29,2,commit_setup,0.0,0.0,0.0
commit:29,2,commitment,10189440.0,8800546.132170305,10189440.0
commit:29,2,on_demand,0.0,0.0,0.0
commit:29,2,variable_service,0.0,0.0,0.0
commit:29,3,commit_fees,0.0,0.0,0.0
commit:29,3,commit_setup,0.0,0.0,0.0
commit:29,3,commitment,10161600.0,7978384.031522,10161600.0
commit:29,3,on_demand,0.0,0.0,0.0
commit:29,3,variable_service,0.0,0.0,0.0
commit:3,1,commit_fees,0.0,0.0,0.0
commit:3,1,commit_setup,0.0,0.0,0.0
commit:3,1,commitment,1051200.0,998673.5873939609,1051200.0
commit:3,1,on_demand,1306099.1999999997,1239805.1360808525,1306099.1999999997
commit:3,1,variable_service,0.0,0.0,0.0
commit:3,2,commit_fees,0.0,0.0,0.0
commit:3,2,commit_setup,0.0,0.0,0.0
commit:3,2,commitment,1054080.0,910401.3240176179,1054080.0
commit:3,2,on_demand,1450372.8,1251676.5923555787,1450372.8
commit:3,2,variable_service,0.0,0.0,0.0
commit:3,3,commit_fees,0.0,0.0,0.0
commit:3,3,commit_setup,0.0,0.0,0.0
commit:3,3,commitment,1051200.0,825350.0722264138,1051200.0
commit:3,3,on_demand,1594646.4,1251082.2691791265,1594646.4
commit:3,3,variable_service,0.0,0.0,0.0
commit:30,1,commit_fees,0.0,0.0,0.0
commit:30,1,commit_setup,0.0,0.0,0.0
commit:30,1,commitment,10512000.0,9986735.87393961,10512000.0
commit:30,1,on_demand,0.0,0.0,0.0
commit:30,1,variable_service,0.0,0.0,0.0
commit:30,2,commit_fees,0.0,0.0,0.0
commit:30,2,commit_setup,0.0,0.0,0.0
commit:30,2,commitment,10540800.0,9104013.240176179,10540800.0
commit:30,2,on_demand,0.0,0.0,0.0
commit:30,2,variable_service,0.0,0.0,0.0
commit:30,3,commit_fees,0.0,0.0,0.0
commit:30,3,commit_setup,0.0,0.0,0.0
commit:30,3,commitment,10512000.0,8253500.722264139,10512000.0
commit:30,3,on_demand,0.0,0.0,0.0
commit:30,3,variable_service,0.0,0.0,0.0
commit:31,1,commit_fees,0.0,0.0,0.0
commit:31,1,commit_setup,0.0,0.0,0.0
commit:31,1,commitment,10862400.0,10319627.069737595,10862400.0
commit:31,1,on_demand,0.0,0.0,0.0
commit:31,1,variable_service,0.0,0.0,0.0
commit:31,2,commit_fees,0.0,0.0,0.0
commit:31,2,commit_setup,0.0,0.0,0.0
commit:31,2,commitment,10892160.0,9407480.34818205,10892160.0
commit:31,2,on_demand,0.0,0.0,0.0
commit:31,2,variable_service,0.0,0.0,0.0
commit:31,3,commit_fees,0.0,0.0,0.0
commit:31,3,commit_setup,0.0,0.0,0.0
commit:31,3,commitment,10862400.0,8528617.413006276,10862400.0
commit:31,3,on_demand,0.0,0.0,0.0
commit:31,3,variable_service,0.0,0.0,0.0
commit:32,1,commit_fees,0.0,0.0,0.0
commit:32,1,commit_setup,0.0,0.0,0.0
commit:32,1,commitment,11212800.0,10652518.265535584,11212800.0
commit:32,1,on_demand,0.0,0.0,0.0
commit:32,1,variable_service,0.0,0.0,0.0
commit:32,2,commit_fees,0.0,0.0,0.0
commit:32,2,commit_setup,0.0,0.0,0.0
commit:32,2,commitment,11243520.0,9710947.456187924,11243520.0
commit:32,2,on_demand,0.0,0.0,0.0
commit:32,2,variable_service,0.0,0.0,0.0
commit:32,3,commit_fees,0.0,0.0,0.0
commit:32,3,commit_setup,0.0,0.0,0.0
commit:32,3,commitment,11212800.0,8803734.103748415,11212800.0
commit:32,3,on_demand,0.0,0.0,0.0
commit:32,3,variable_service,0.0,0.0,0.0
commit:4,1,commit_fees,0.0,0.0,0.0
commit:4,1,commit_setup,0.0,0.0,0.0
commit:4,1,commitment,1401600.0,1331564.783191948,1401600.0
commit:4,1,on_demand,823329.6,781161.1511914936,823329.6
commit:4,1,variable_service,0.0,0.0,0.0
commit:4,2,commit_fees,0.0,0.0,0.0
commit:4,2,commit_setup,0.0,0.0,0.0
commit:4,2,commitment,1405440.0,1213868.4320234905,1405440.0
commit:4,2,on_demand,966296.0,833584.1005114531,966296.0
commit:4,2,variable_service,0.0,0.0,0.0
commit:4,3,commit_fees,0.0,0.0,0.0
commit:4,3,commit_setup,0.0,0.0,0.0
commit:4,3,commitment,1401600.0,1100466.7629685518,1401600.0
commit:4,3,on_demand,1112633.6,872624.727010551,1112633.6
commit:4,3,variable_service,0.0,0.0,0.0
commit:5,1,commit_fees,0.0,0.0,0.0
commit:5,1,commit_setup,0.0,0.0,0.0
commit:5,1,commitment,1752000.0,1664455.9789899348,1752000.0
commit:5,1,on_demand,480499.1999999999,456484.2093386639,480499.1999999999
commit:5,1,variable_service,0.0,0.0,0.0
commit:5,2,commit_fees,0.0,0.0,0.0
commit:5,2,commit_setup,0.0,0.0,0.0
commit:5,2,commitment,1756800.0,1517335.540029363,1756800.0
commit:5,2,on_demand,500451.2,431730.37404095003,500451.2
commit:5,2,variable_service,0.0,0.0,0.0
commit:5,3,commit_fees,0.0,0.0,0.0
commit:5,3,commit_setup,0.0,0.0,0.0
commit:5,3,commitment,1752000.0,1375583.4537106897,1752000.0
commit:5,3,on_demand,630001.5999999999,493688.5725032604,630001.5999999999
commit:5,3,variable_service,0.0,0.0,0.0
commit:6,1,commit_fees,0.0,0.0,0.0
commit:6,1,commit_setup,0.0,0.0,0.0
commit:6,1,commitment,2102400.0,1997347.1747879218,2102400.0
commit:6,1,on_demand,413900.79999999993,392702.17194431555,413900.79999999993
commit:6,1,variable_service,0.0,0.0,0.0
commit:6,2,commit_fees,0.0,0.0,0.0
commit:6,2,commit_setup,0.0,0.0,0.0
commit:6,2,commitment,2108160.0,1820802.6480352357,2108160.0
commit:6,2,on_demand,474719.9999999999,409800.9405850601,474719.9999999999
commit:6,2,variable_service,0.0,0.0,0.0
commit:6,3,commit_fees,0.0,0.0,0.0
commit:6,3,commit_setup,0.0,0.0,0.0
commit:6,3,commitment,2102400.0,1650700.1444528275,2102400.0
commit:6,3,on_demand,480499.1999999999,377259.6771393916,480499.1999999999
commit:6,3,variable_service,0.0,0.0,0.0
commit:7,1,commit_fees,0.0,0.0,0.0
commit:7,1,commit_setup,0.0,0.0,0.0
commit:7,1,commitment,2452800.0,2330238.3705859086,2452800.0
commit:7,1,on_demand,293088.0,277936.7953428253,293088.0
commit:7,1,variable_service,0.0,0.0,0.0
commit:7,2,commit_fees,0.0,0.0,0.0
commit:7,2,commit_setup,0.0,0.0,0.0
commit:7,2,commitment,2459520.0,2124269.7560411077,2459520.0
commit:7,2,on_demand,364502.39999999997,314311.26167853933,364502.39999999997
commit:7,2,variable_service,0.0,0.0,0.0
commit:7,3,commit_fees,0.0,0.0,0.0
commit:7,3,commit_setup,0.0,0.0,0.0
commit:7,3,commitment,2452800.0,1925816.8351949656,2452800.0
commit:7,3,on_demand,437292.8,342861.24094965175,437292.8
commit:7,3,variable_service,0.0,0.0,0.0
commit:8,1,commit_fees,0.0,0.0,0.0
commit:8,1,commit_setup,0.0,0.0,0.0
commit:8,1,commitment,2803200.0,2663129.566383896,2803200.0
commit:8,1,on_demand,171862.4,162763.30231261958,171862.4
commit:8,1,variable_service,0.0,0.0,0.0
commit:8,2,commit_fees,0.0,0.0,0.0
commit:8,2,commit_setup,0.0,0.0,0.0
commit:8,2,commitment,2810880.0,2427736.864046981,2810880.0
commit:8,2,on_demand,242795.2,209200.7443070882,242795.2
commit:8,2,variable_service,0.0,0.0,0.0
commit:8,3,commit_fees,0.0,0.0,0.0
commit:8,3,commit_setup,0.0,0.0,0.0
commit:8,3,commitment,2803200.0,2200933.5259371037,2803200.0
commit:8,3,on_demand,316617.6,248120.27405547214,316617.6
commit:8,3,variable_service,0.0,0.0,0.0
commit:9,1,commit_fees,0.0,0.0,0.0
commit:9,1,commit_setup,0.0,0.0,0.0
commit:9,1,commitment,3153600.0,2996020.7621818823,3153600.0
commit:9,1,on_demand,51118.4,48050.57627044241,51118.4
commit:9,1,variable_service,0.0,0.0,0.0
commit:9,2,commit_fees,0.0,0.0,0.0
commit:9,2,commit_setup,0.0,0.0,0.0
commit:9,2,commitment,3162240.0,2731203.972052853,3162240.0
commit:9,2,on_demand,121776.0,104677.01722666326,121776.0
commit:9,2,variable_service,0.0,0.0,0.0
commit:9,3,commit_fees,0.0,0.0,0.0
commit:9,3,commit_setup,0.0,0.0,0.0
commit:9,3,commitment,3153600.0,2476050.216679241,3153600.0
commit:9,3,on_demand,195942.39999999997,153365.42321985416,195942.39999999997
commit:9,3,variable_service,0.0,0.0,0.0
on_demand:0,1,on_demand,2408550.4,2288191.589359728,2408550.4
on_demand:0,1,variable_service,0.0,0.0,0.0
on_demand:0,2,on_demand,2415155.2,2085944.7596891108,2415155.2
on_demand:0,2,variable_service,0.0,0.0,0.0
on_demand:0,3,on_demand,2408550.4,1891067.4292229156,2408550.4
on_demand:0,3,variable_service,0.0,0.0,0.0
own:1,1,electricity,5402.160000000001,5009.8931509592085,5402.160000000001
own:1,1,exit,0.0,0.0,0.0
own:1,1,hosting,0.0,0.0,0.0
own:1,1,installation,50000.0,50000.0,0.0
own:1,1,network,0.0,0.0,0.0
own:1,1,node_acquisition,400000.0,400000.0,0.0
own:1,1,on_demand,2356537.6,2239829.882690876,2356537.6
own:1,1,operations,14000.000000000002,12983.70918897412,14000.000000000002
own:1,1,precommission,0.0,0.0,0.0
own:1,1,residual,0.0,0.0,0.0
own:1,1,storage,0.0,0.0,0.0
own:1,1,variable_service,0.0,0.0,0.0
own:1,2,electricity,10804.320000000002,9331.613571180584,10804.320000000002
own:1,2,exit,0.0,0.0,0.0
own:1,2,hosting,0.0,0.0,0.0
own:1,2,installation,0.0,0.0,0.0
own:1,2,network,0.0,0.0,0.0
own:1,2,node_acquisition,0.0,0.0,0.0
own:1,2,on_demand,2398643.2,2071222.3014889176,2398643.2
own:1,2,operations,27999.999999999996,24182.852971307526,27999.999999999996
own:1,2,precommission,0.0,0.0,0.0
own:1,2,residual,0.0,0.0,0.0
own:1,2,storage,0.0,0.0,0.0
own:1,2,variable_service,0.0,0.0,0.0
own:1,3,electricity,10774.800000000003,8459.838240320742,10774.800000000003
own:1,3,exit,0.0,0.0,0.0
own:1,3,hosting,0.0,0.0,0.0
own:1,3,installation,0.0,0.0,0.0
own:1,3,network,0.0,0.0,0.0
own:1,3,node_acquisition,0.0,0.0,0.0
own:1,3,on_demand,2408550.4,1891067.4292229156,2408550.4
own:1,3,operations,27999.999999999996,21984.411792097748,27999.999999999996
own:1,3,precommission,0.0,0.0,0.0
own:1,3,residual,0.0,0.0,0.0
own:1,3,storage,0.0,0.0,0.0
own:1,3,variable_service,0.0,0.0,0.0
own:10,1,electricity,35672.12646494982,33079.24187111595,35672.12646494982
own:10,1,exit,0.0,0.0,0.0
own:10,1,hosting,0.0,0.0,0.0
own:10,1,installation,50000.0,50000.0,0.0
own:10,1,network,0.0,0.0,0.0
own:10,1,node_acquisition,4000000.0,4000000.0,0.0
own:10,1,on_demand,1200697.5999999999,1168043.5325965518,1200697.5999999999
own:10,1,operations,31999.999999999996,29677.049574797984,31999.999999999996
own:10,1,precommission,0.0,0.0,0.0
own:10,1,residual,0.0,0.0,0.0
own:10,1,storage,0.0,0.0,0.0
own:10,1,variable_service,0.0,0.0,0.0
own:10,2,electricity,73485.87724540626,63451.646525789685,73485.87724540626
own:10,2,exit,0.0,0.0,0.0
own:10,2,hosting,0.0,0.0,0.0
own:10,2,installation,0.0,0.0,0.0
own:10,2,network,0.0,0.0,0.0
own:10,2,node_acquisition,0.0,0.0,0.0
own:10,2,on_demand,9425.6,7887.039208229529,9425.6
own:10,2,operations,64000.00000000001,55275.09250584576,64000.00000000001
own:10,2,precommission,0.0,0.0,0.0
own:10,2,residual,0.0,0.0,0.0
own:10,2,storage,0.0,0.0,0.0
own:10,2,variable_service,0.0,0.0,0.0
own:10,3,electricity,75531.75846689241,59290.216619579005,75531.75846689241
own:10,3,exit,0.0,0.0,0.0
own:10,3,hosting,0.0,0.0,0.0
own:10,3,installation,0.0,0.0,0.0
own:10,3,network,0.0,0.0,0.0
own:10,3,node_acquisition,0.0,0.0,0.0
own:10,3,on_demand,74923.20000000001,58351.12169313059,74923.20000000001
own:10,3,operations,64000.00000000001,50250.08409622342,64000.00000000001
own:10,3,precommission,0.0,0.0,0.0
own:10,3,residual,0.0,0.0,0.0
own:10,3,storage,0.0,0.0,0.0
own:10,3,variable_service,0.0,0.0,0.0
own:11,1,electricity,36770.12646494982,34097.51283675807,36770.12646494982
own:11,1,exit,0.0,0.0,0.0
own:11,1,hosting,0.0,0.0,0.0
own:11,1,installation,50000.0,50000.0,0.0
own:11,1,network,0.0,0.0,0.0
own:11,1,node_acquisition,4400000.0,4400000.0,0.0
own:11,1,on_demand,1200697.5999999999,1168043.5325965518,1200697.5999999999
own:11,1,operations,34000.0,31531.86517322286,34000.0
own:11,1,precommission,0.0,0.0,0.0
own:11,1,residual,0.0,0.0,0.0
own:11,1,storage,0.0,0.0,0.0
own:11,1,variable_service,0.0,0.0,0.0
own:11,2,electricity,75811.91817726938,65457.10598388081,75811.91817726938
own:11,2,exit,0.0,0.0,0.0
own:11,2,hosting,0.0,0.0,0.0
own:11,2,installation,0.0,0.0,0.0
own:11,2,network,0.0,0.0,0.0
own:11,2,node_acquisition,0.0,0.0,0.0
own:11,2,on_demand,0.0,0.0,0.0
own:11,2,operations,67999.99999999999,58729.78578746113,67999.99999999999
own:11,2,precommission,0.0,0.0,0.0
own:11,2,residual,0.0,0.0,0.0
own:11,2,storage,0.0,0.0,0.0
own:11,2,variable_service,0.0,0.0,0.0
own:11,3,electricity,78783.2377003386,61836.330891267906,78783.2377003386
own:11,3,exit,0.0,0.0,0.0
own:11,3,hosting,0.0,0.0,0.0
own:11,3,installation,0.0,0.0,0.0
own:11,3,network,0.0,0.0,0.0
own:11,3,node_acquisition,0.0,0.0,0.0
own:11,3,on_demand,0.0,0.0,0.0
own:11,3,operations,67999.99999999999,53390.71435223737,67999.99999999999
own:11,3,precommission,0.0,0.0,0.0
own:11,3,residual,0.0,0.0,0.0
own:11,3,storage,0.0,0.0,0.0
own:11,3,variable_service,0.0,0.0,0.0
own:12,1,electricity,37868.12646494982,35115.78380240018,37868.12646494982
own:12,1,exit,0.0,0.0,0.0
own:12,1,hosting,0.0,0.0,0.0
own:12,1,installation,50000.0,50000.0,0.0
own:12,1,network,0.0,0.0,0.0
own:12,1,node_acquisition,4800000.0,4800000.0,0.0
own:12,1,on_demand,1200697.5999999999,1168043.5325965518,1200697.5999999999
own:12,1,operations,36000.0,33386.680771647734,36000.0
own:12,1,precommission,0.0,0.0,0.0
own:12,1,residual,0.0,0.0,0.0
own:12,1,storage,0.0,0.0,0.0
own:12,1,variable_service,0.0,0.0,0.0
own:12,2,electricity,78007.91817726938,67353.77540891751,78007.91817726938
own:12,2,exit,0.0,0.0,0.0
own:12,2,hosting,0.0,0.0,0.0
own:12,2,installation,0.0,0.0,0.0
own:12,2,network,0.0,0.0,0.0
own:12,2,node_acquisition,0.0,0.0,0.0
own:12,2,on_demand,0.0,0.0,0.0
own:12,2,operations,72000.0,62184.479069076486,72000.0
own:12,2,precommission,0.0,0.0,0.0
own:12,2,residual,0.0,0.0,0.0
own:12,2,storage,0.0,0.0,0.0
own:12,2,variable_service,0.0,0.0,0.0
own:12,3,electricity,80973.23770033862,63555.81020840627,80973.23770033862
own:12,3,exit,0.0,0.0,0.0
own:12,3,hosting,0.0,0.0,0.0
own:12,3,installation,0.0,0.0,0.0
own:12,3,network,0.0,0.0,0.0
own:12,3,node_acquisition,0.0,0.0,0.0
own:12,3,on_demand,0.0,0.0,0.0
own:12,3,operations,72000.0,56531.34460825135,72000.0
own:12,3,precommission,0.0,0.0,0.0
own:12,3,residual,0.0,0.0,0.0
own:12,3,storage,0.0,0.0,0.0
own:12,3,variable_service,0.0,0.0,0.0
own:13,1,electricity,38966.126464949826,36134.054768042304,38966.126464949826
own:13,1,exit,0.0,0.0,0.0
own:13,1,hosting,0.0,0.0,0.0
own:13,1,installation,50000.0,50000.0,0.0
own:13,1,network,0.0,0.0,0.0
own:13,1,node_acquisition,5200000.0,5200000.0,0.0
own:13,1,on_demand,1200697.5999999999,1168043.5325965518,1200697.5999999999
own:13,1,operations,38000.0,35241.49637007261,38000.0
own:13,1,precommission,0.0,0.0,0.0
own:13,1,residual,0.0,0.0,0.0
own:13,1,storage,0.0,0.0,0.0
own:13,1,variable_service,0.0,0.0,0.0
own:13,2,electricity,80203.9181772694,69250.4448339542,80203.9181772694
own:13,2,exit,0.0,0.0,0.0
own:13,2,hosting,0.0,0.0,0.0
own:13,2,installation,0.0,0.0,0.0
own:13,2,network,0.0,0.0,0.0
own:13,2,node_acquisition,0.0,0.0,0.0
own:13,2,on_demand,0.0,0.0,0.0
own:13,2,operations,76000.0,65639.17235069184,76000.0
own:13,2,precommission,0.0,0.0,0.0
own:13,2,residual,0.0,0.0,0.0
own:13,2,storage,0.0,0.0,0.0
own:13,2,variable_service,0.0,0.0,0.0
own:13,3,electricity,83163.23770033862,65275.289525544635,83163.23770033862
own:13,3,exit,0.0,0.0,0.0
own:13,3,hosting,0.0,0.0,0.0
own:13,3,installation,0.0,0.0,0.0
own:13,3,network,0.0,0.0,0.0
own:13,3,node_acquisition,0.0,0.0,0.0
own:13,3,on_demand,0.0,0.0,0.0
own:13,3,operations,76000.0,59671.97486426531,76000.0
own:13,3,precommission,0.0,0.0,0.0
own:13,3,residual,0.0,0.0,0.0
own:13,3,storage,0.0,0.0,0.0
own:13,3,variable_service,0.0,0.0,0.0
own:14,1,electricity,40064.12646494983,37152.32573368441,40064.12646494983
own:14,1,exit,0.0,0.0,0.0
own:14,1,hosting,0.0,0.0,0.0
own:14,1,installation,50000.0,50000.0,0.0
own:14,1,network,0.0,0.0,0.0
own:14,1,node_acquisition,5600000.0,5600000.0,0.0
own:14,1,on_demand,1200697.5999999999,1168043.5325965518,1200697.5999999999
own:14,1,operations,40000.0,37096.31196849748,40000.0
own:14,1,precommission,0.0,0.0,0.0
own:14,1,residual,0.0,0.0,0.0
own:14,1,storage,0.0,0.0,0.0
own:14,1,variable_service,0.0,0.0,0.0
own:14,2,electricity,82399.9181772694,71147.11425899093,82399.9181772694
own:14,2,exit,0.0,0.0,0.0
own:14,2,hosting,0.0,0.0,0.0
own:14,2,installation,0.0,0.0,0.0
own:14,2,network,0.0,0.0,0.0
own:14,2,node_acquisition,0.0,0.0,0.0
own:14,2,on_demand,0.0,0.0,0.0
own:14,2,operations,80000.0,69093.8656323072,80000.0
own:14,2,precommission,0.0,0.0,0.0
own:14,2,residual,0.0,0.0,0.0
own:14,2,storage,0.0,0.0,0.0
own:14,2,variable_service,0.0,0.0,0.0
own:14,3,electricity,85353.23770033862,66994.768842683,85353.23770033862
own:14,3,exit,0.0,0.0,0.0
own:14,3,hosting,0.0,0.0,0.0
own:14,3,installation,0.0,0.0,0.0
own:14,3,network,0.0,0.0,0.0
own:14,3,node_acquisition,0.0,0.0,0.0
own:14,3,on_demand,0.0,0.0,0.0
own:14,3,operations,80000.0,62812.60512027927,80000.0
own:14,3,precommission,0.0,0.0,0.0
own:14,3,residual,0.0,0.0,0.0
own:14,3,storage,0.0,0.0,0.0
own:14,3,variable_service,0.0,0.0,0.0
own:15,1,electricity,41162.12646494983,38170.59669932653,41162.12646494983
own:15,1,exit,0.0,0.0,0.0
own:15,1,hosting,0.0,0.0,0.0
own:15,1,installation,50000.0,50000.0,0.0
own:15,1,network,0.0,0.0,0.0
own:15,1,node_acquisition,6000000.0,6000000.0,0.0
own:15,1,on_demand,1200697.5999999999,1168043.5325965518,1200697.5999999999
own:15,1,operations,42000.0,38951.127566922354,42000.0
own:15,1,precommission,0.0,0.0,0.0
own:15,1,residual,0.0,0.0,0.0
own:15,1,storage,0.0,0.0,0.0
own:15,1,variable_service,0.0,0.0,0.0
own:15,2,electricity,84595.9181772694,73043.78368402763,84595.9181772694
own:15,2,exit,0.0,0.0,0.0
own:15,2,hosting,0.0,0.0,0.0
own:15,2,installation,0.0,0.0,0.0
own:15,2,network,0.0,0.0,0.0
own:15,2,node_acquisition,0.0,0.0,0.0
own:15,2,on_demand,0.0,0.0,0.0
own:15,2,operations,84000.0,72548.55891392256,84000.0
own:15,2,precommission,0.0,0.0,0.0
own:15,2,residual,0.0,0.0,0.0
own:15,2,storage,0.0,0.0,0.0
own:15,2,variable_service,0.0,0.0,0.0
own:15,3,electricity,87543.23770033862,68714.24815982135,87543.23770033862
own:15,3,exit,0.0,0.0,0.0
own:15,3,hosting,0.0,0.0,0.0
own:15,3,installation,0.0,0.0,0.0
own:15,3,network,0.0,0.0,0.0
own:15,3,node_acquisition,0.0,0.0,0.0
own:15,3,on_demand,0.0,0.0,0.0
own:15,3,operations,84000.0,65953.23537629325,84000.0
own:15,3,precommission,0.0,0.0,0.0
own:15,3,residual,0.0,0.0,0.0
own:15,3,storage,0.0,0.0,0.0
own:15,3,variable_service,0.0,0.0,0.0
own:16,1,electricity,42260.12646494983,39188.867664968646,42260.12646494983
own:16,1,exit,0.0,0.0,0.0
own:16,1,hosting,0.0,0.0,0.0
own:16,1,installation,50000.0,50000.0,0.0
own:16,1,network,0.0,0.0,0.0
own:16,1,node_acquisition,6400000.0,6400000.0,0.0
own:16,1,on_demand,1200697.5999999999,1168043.5325965518,1200697.5999999999
own:16,1,operations,44000.0,40805.94316534722,44000.0
own:16,1,precommission,0.0,0.0,0.0
own:16,1,residual,0.0,0.0,0.0
own:16,1,storage,0.0,0.0,0.0
own:16,1,variable_service,0.0,0.0,0.0
own:16,2,electricity,86791.9181772694,74940.45310906433,86791.9181772694
own:16,2,exit,0.0,0.0,0.0
own:16,2,hosting,0.0,0.0,0.0
own:16,2,installation,0.0,0.0,0.0
own:16,2,network,0.0,0.0,0.0
own:16,2,node_acquisition,0.0,0.0,0.0
own:16,2,on_demand,0.0,0.0,0.0
own:16,2,operations,87999.99999999999,76003.25219553793,87999.99999999999
own:16,2,precommission,0.0,0.0,0.0
own:16,2,residual,0.0,0.0,0.0
own:16,2,storage,0.0,0.0,0.0
own:16,2,variable_service,0.0,0.0,0.0
own:16,3,electricity,89733.23770033862,70433.72747695973,89733.23770033862
own:16,3,exit,0.0,0.0,0.0
own:16,3,hosting,0.0,0.0,0.0
own:16,3,installation,0.0,0.0,0.0
own:16,3,network,0.0,0.0,0.0
own:16,3,node_acquisition,0.0,0.0,0.0
own:16,3,on_demand,0.0,0.0,0.0
own:16,3,operations,87999.99999999999,69093.86563230719,87999.99999999999
own:16,3,precommission,0.0,0.0,0.0
own:16,3,residual,0.0,0.0,0.0
own:16,3,storage,0.0,0.0,0.0
own:16,3,variable_service,0.0,0.0,0.0
own:17,1,electricity,43358.12646494983,40207.13863061076,43358.12646494983
own:17,1,exit,0.0,0.0,0.0
own:17,1,hosting,0.0,0.0,0.0
own:17,1,installation,50000.0,50000.0,0.0
own:17,1,network,0.0,0.0,0.0
own:17,1,node_acquisition,6800000.0,6800000.0,0.0
own:17,1,on_demand,1200697.5999999999,1168043.5325965518,1200697.5999999999
own:17,1,operations,46000.0,42660.7587637721,46000.0
own:17,1,precommission,0.0,0.0,0.0
own:17,1,residual,0.0,0.0,0.0
own:17,1,storage,0.0,0.0,0.0
own:17,1,variable_service,0.0,0.0,0.0
own:17,2,electricity,88987.9181772694,76837.12253410103,88987.9181772694
own:17,2,exit,0.0,0.0,0.0
own:17,2,hosting,0.0,0.0,0.0
own:17,2,installation,0.0,0.0,0.0
own:17,2,network,0.0,0.0,0.0
own:17,2,node_acquisition,0.0,0.0,0.0
own:17,2,on_demand,0.0,0.0,0.0
own:17,2,operations,92000.00000000001,79457.94547715329,92000.00000000001
own:17,2,precommission,0.0,0.0,0.0
own:17,2,residual,0.0,0.0,0.0
own:17,2,storage,0.0,0.0,0.0
own:17,2,variable_service,0.0,0.0,0.0
own:17,3,electricity,91923.23770033862,72153.20679409808,91923.23770033862
own:17,3,exit,0.0,0.0,0.0
own:17,3,hosting,0.0,0.0,0.0
own:17,3,installation,0.0,0.0,0.0
own:17,3,network,0.0,0.0,0.0
own:17,3,node_acquisition,0.0,0.0,0.0
own:17,3,on_demand,0.0,0.0,0.0
own:17,3,operations,92000.00000000001,72234.49588832117,92000.00000000001
own:17,3,precommission,0.0,0.0,0.0
own:17,3,residual,0.0,0.0,0.0
own:17,3,storage,0.0,0.0,0.0
own:17,3,variable_service,0.0,0.0,0.0
own:18,1,electricity,44456.12646494983,41225.40959625288,44456.12646494983
own:18,1,exit,0.0,0.0,0.0
own:18,1,hosting,0.0,0.0,0.0
own:18,1,installation,50000.0,50000.0,0.0
own:18,1,network,0.0,0.0,0.0
own:18,1,node_acquisition,7200000.0,7200000.0,0.0
own:18,1,on_demand,1200697.5999999999,1168043.5325965518,1200697.5999999999
own:18,1,operations,48000.0,44515.57436219698,48000.0
own:18,1,precommission,0.0,0.0,0.0
own:18,1,residual,0.0,0.0,0.0
own:18,1,storage,0.0,0.0,0.0
own:18,1,variable_service,0.0,0.0,0.0
own:18,2,electricity,91183.9181772694,78733.79195913773,91183.9181772694
own:18,2,exit,0.0,0.0,0.0
own:18,2,hosting,0.0,0.0,0.0
own:18,2,installation,0.0,0.0,0.0
own:18,2,network,0.0,0.0,0.0
own:18,2,node_acquisition,0.0,0.0,0.0
own:18,2,on_demand,0.0,0.0,0.0
own:18,2,operations,96000.0,82912.63875876862,96000.0
own:18,2,precommission,0.0,0.0,0.0
own:18,2,residual,0.0,0.0,0.0
own:18,2,storage,0.0,0.0,0.0
own:18,2,variable_service,0.0,0.0,0.0
own:18,3,electricity,94113.23770033862,73872.68611123644,94113.23770033862
own:18,3,exit,0.0,0.0,0.0
own:18,3,hosting,0.0,0.0,0.0
own:18,3,installation,0.0,0.0,0.0
own:18,3,network,0.0,0.0,0.0
own:18,3,node_acquisition,0.0,0.0,0.0
own:18,3,on_demand,0.0,0.0,0.0
own:18,3,operations,96000.0,75375.12614433512,96000.0
own:18,3,precommission,0.0,0.0,0.0
own:18,3,residual,0.0,0.0,0.0
own:18,3,storage,0.0,0.0,0.0
own:18,3,variable_service,0.0,0.0,0.0
own:19,1,electricity,45554.12646494983,42243.68056189499,45554.12646494983
own:19,1,exit,0.0,0.0,0.0
own:19,1,hosting,0.0,0.0,0.0
own:19,1,installation,50000.0,50000.0,0.0
own:19,1,network,0.0,0.0,0.0
own:19,1,node_acquisition,7600000.0,7600000.0,0.0
own:19,1,on_demand,1200697.5999999999,1168043.5325965518,1200697.5999999999
own:19,1,operations,50000.00000000001,46370.389960621855,50000.00000000001
own:19,1,precommission,0.0,0.0,0.0
own:19,1,residual,0.0,0.0,0.0
own:19,1,storage,0.0,0.0,0.0
own:19,1,variable_service,0.0,0.0,0.0
own:19,2,electricity,93379.9181772694,80630.46138417443,93379.9181772694
own:19,2,exit,0.0,0.0,0.0
own:19,2,hosting,0.0,0.0,0.0
own:19,2,installation,0.0,0.0,0.0
own:19,2,network,0.0,0.0,0.0
own:19,2,node_acquisition,0.0,0.0,0.0
own:19,2,on_demand,0.0,0.0,0.0
own:19,2,operations,99999.99999999999,86367.33204038402,99999.99999999999
own:19,2,precommission,0.0,0.0,0.0
own:19,2,residual,0.0,0.0,0.0
own:19,2,storage,0.0,0.0,0.0
own:19,2,variable_service,0.0,0.0,0.0
own:19,3,electricity,96303.23770033862,75592.16542837482,96303.23770033862
own:19,3,exit,0.0,0.0,0.0
own:19,3,hosting,0.0,0.0,0.0
own:19,3,installation,0.0,0.0,0.0
own:19,3,network,0.0,0.0,0.0
own:19,3,node_acquisition,0.0,0.0,0.0
own:19,3,on_demand,0.0,0.0,0.0
own:19,3,operations,99999.99999999999,78515.75640034908,99999.99999999999
own:19,3,precommission,0.0,0.0,0.0
own:19,3,residual,0.0,0.0,0.0
own:19,3,storage,0.0,0.0,0.0
own:19,3,variable_service,0.0,0.0,0.0
own:2,1,electricity,10804.320000000002,10019.786301918417,10804.320000000002
own:2,1,exit,0.0,0.0,0.0
own:2,1,hosting,0.0,0.0,0.0
own:2,1,installation,50000.0,50000.0,0.0
own:2,1,network,0.0,0.0,0.0
own:2,1,node_acquisition,800000.0,800000.0,0.0
own:2,1,on_demand,2114636.8000000003,2015496.4375135843,2114636.8000000003
own:2,1,operations,15999.999999999998,14838.524787398992,15999.999999999998
own:2,1,precommission,0.0,0.0,0.0
own:2,1,residual,0.0,0.0,0.0
own:2,1,storage,0.0,0.0,0.0
own:2,1,variable_service,0.0,0.0,0.0
own:2,2,electricity,21608.640000000003,18663.227142361167,21608.640000000003
own:2,2,exit,0.0,0.0,0.0
own:2,2,hosting,0.0,0.0,0.0
own:2,2,installation,0.0,0.0,0.0
own:2,2,network,0.0,0.0,0.0
own:2,2,node_acquisition,0.0,0.0,0.0
own:2,2,on_demand,1934036.8,1669410.075870465,1934036.8
own:2,2,operations,32000.000000000004,27637.54625292288,32000.000000000004
own:2,2,precommission,0.0,0.0,0.0
own:2,2,residual,0.0,0.0,0.0
own:2,2,storage,0.0,0.0,0.0
own:2,2,variable_service,0.0,0.0,0.0
own:2,3,electricity,21549.600000000006,16919.676480641483,21549.600000000006
own:2,3,exit,0.0,0.0,0.0
own:2,3,hosting,0.0,0.0,0.0
own:2,3,installation,0.0,0.0,0.0
own:2,3,network,0.0,0.0,0.0
own:2,3,node_acquisition,0.0,0.0,0.0
own:2,3,on_demand,2077760.0,1630391.9397320542,2077760.0
own:2,3,operations,32000.000000000004,25125.04204811171,32000.000000000004
own:2,3,precommission,0.0,0.0,0.0
own:2,3,residual,0.0,0.0,0.0
own:2,3,storage,0.0,0.0,0.0
own:2,3,variable_service,0.0,0.0,0.0
own:20,1,electricity,46652.12646494983,43261.95152753711,46652.12646494983
own:20,1,exit,0.0,0.0,0.0
own:20,1,hosting,0.0,0.0,0.0
own:20,1,installation,50000.0,50000.0,0.0
own:20,1,network,0.0,0.0,0.0
own:20,1,node_acquisition,8000000.0,8000000.0,0.0
own:20,1,on_demand,1200697.5999999999,1168043.5325965518,1200697.5999999999
own:20,1,operations,51999.99999999999,48225.20555904672,51999.99999999999
own:20,1,precommission,0.0,0.0,0.0
own:20,1,residual,0.0,0.0,0.0
own:20,1,storage,0.0,0.0,0.0
own:20,1,variable_service,0.0,0.0,0.0
own:20,2,electricity,95575.91817726938,82527.13080921114,95575.91817726938
own:20,2,exit,0.0,0.0,0.0
own:20,2,hosting,0.0,0.0,0.0
own:20,2,installation,0.0,0.0,0.0
own:20,2,network,0.0,0.0,0.0
own:20,2,node_acquisition,0.0,0.0,0.0
own:20,2,on_demand,0.0,0.0,0.0
own:20,2,operations,104000.00000000001,89822.02532199936,104000.00000000001
own:20,2,precommission,0.0,0.0,0.0
own:20,2,residual,0.0,0.0,0.0
own:20,2,storage,0.0,0.0,0.0
own:20,2,variable_service,0.0,0.0,0.0
own:20,3,electricity,98493.23770033862,77311.64474551317,98493.23770033862
own:20,3,exit,0.0,0.0,0.0
own:20,3,hosting,0.0,0.0,0.0
own:20,3,installation,0.0,0.0,0.0
own:20,3,network,0.0,0.0,0.0
own:20,3,node_acquisition,0.0,0.0,0.0
own:20,3,on_demand,0.0,0.0,0.0
own:20,3,operations,104000.00000000001,81656.38665636304,104000.00000000001
own:20,3,precommission,0.0,0.0,0.0
own:20,3,residual,0.0,0.0,0.0
own:20,3,storage,0.0,0.0,0.0
own:20,3,variable_service,0.0,0.0,0.0
own:21,1,electricity,47750.12646494983,44280.22249317922,47750.12646494983
own:21,1,exit,0.0,0.0,0.0
own:21,1,hosting,0.0,0.0,0.0
own:21,1,installation,50000.0,50000.0,0.0
own:21,1,network,0.0,0.0,0.0
own:21,1,node_acquisition,8400000.0,8400000.0,0.0
own:21,1,on_demand,1200697.5999999999,1168043.5325965518,1200697.5999999999
own:21,1,operations,54000.0,50080.0211574716,54000.0
own:21,1,precommission,0.0,0.0,0.0
own:21,1,residual,0.0,0.0,0.0
own:21,1,storage,0.0,0.0,0.0
own:21,1,variable_service,0.0,0.0,0.0
own:21,2,electricity,97771.91817726938,84423.80023424784,97771.91817726938
own:21,2,exit,0.0,0.0,0.0
own:21,2,hosting,0.0,0.0,0.0
own:21,2,installation,0.0,0.0,0.0
own:21,2,network,0.0,0.0,0.0
own:21,2,node_acquisition,0.0,0.0,0.0
own:21,2,on_demand,0.0,0.0,0.0
own:21,2,operations,108000.0,93276.71860361473,108000.0
own:21,2,precommission,0.0,0.0,0.0
own:21,2,residual,0.0,0.0,0.0
own:21,2,storage,0.0,0.0,0.0
own:21,2,variable_service,0.0,0.0,0.0
own:21,3,electricity,100683.23770033862,79031.12406265154,100683.23770033862
own:21,3,exit,0.0,0.0,0.0
own:21,3,hosting,0.0,0.0,0.0
own:21,3,installation,0.0,0.0,0.0
own:21,3,network,0.0,0.0,0.0
own:21,3,node_acquisition,0.0,0.0,0.0
own:21,3,on_demand,0.0,0.0,0.0
own:21,3,operations,108000.0,84797.01691237702,108000.0
own:21,3,precommission,0.0,0.0,0.0
own:21,3,residual,0.0,0.0,0.0
own:21,3,storage,0.0,0.0,0.0
own:21,3,variable_service,0.0,0.0,0.0
own:22,1,electricity,48848.12646494982,45298.49345882134,48848.12646494982
own:22,1,exit,0.0,0.0,0.0
own:22,1,hosting,0.0,0.0,0.0
own:22,1,installation,50000.0,50000.0,0.0
own:22,1,network,0.0,0.0,0.0
own:22,1,node_acquisition,8800000.0,8800000.0,0.0
own:22,1,on_demand,1200697.5999999999,1168043.5325965518,1200697.5999999999
own:22,1,operations,56000.00000000001,51934.83675589648,56000.00000000001
own:22,1,precommission,0.0,0.0,0.0
own:22,1,residual,0.0,0.0,0.0
own:22,1,storage,0.0,0.0,0.0
own:22,1,variable_service,0.0,0.0,0.0
own:22,2,electricity,99967.91817726938,86320.46965928456,99967.91817726938
own:22,2,exit,0.0,0.0,0.0
own:22,2,hosting,0.0,0.0,0.0
own:22,2,installation,0.0,0.0,0.0
own:22,2,network,0.0,0.0,0.0
own:22,2,node_acquisition,0.0,0.0,0.0
own:22,2,on_demand,0.0,0.0,0.0
own:22,2,operations,111999.99999999999,96731.4118852301,111999.99999999999
own:22,2,precommission,0.0,0.0,0.0
own:22,2,residual,0.0,0.0,0.0
own:22,2,storage,0.0,0.0,0.0
own:22,2,variable_service,0.0,0.0,0.0
own:22,3,electricity,102873.23770033862,80750.60337978991,102873.23770033862
own:22,3,exit,0.0,0.0,0.0
own:22,3,hosting,0.0,0.0,0.0
own:22,3,installation,0.0,0.0,0.0
own:22,3,network,0.0,0.0,0.0
own:22,3,node_acquisition,0.0,0.0,0.0
own:22,3,on_demand,0.0,0.0,0.0
own:22,3,operations,111999.99999999999,87937.64716839099,111999.99999999999
own:22,3,precommission,0.0,0.0,0.0
own:22,3,residual,0.0,0.0,0.0
own:22,3,storage,0.0,0.0,0.0
own:22,3,variable_service,0.0,0.0,0.0
own:23,1,electricity,49946.12646494982,46316.76442446345,49946.12646494982
own:23,1,exit,0.0,0.0,0.0
own:23,1,hosting,0.0,0.0,0.0
own:23,1,installation,50000.0,50000.0,0.0
own:23,1,network,0.0,0.0,0.0
own:23,1,node_acquisition,9200000.0,9200000.0,0.0
own:23,1,on_demand,1200697.5999999999,1168043.5325965518,1200697.5999999999
own:23,1,operations,57999.99999999999,53789.65235432135,57999.99999999999
own:23,1,precommission,0.0,0.0,0.0
own:23,1,residual,0.0,0.0,0.0
own:23,1,storage,0.0,0.0,0.0
own:23,1,variable_service,0.0,0.0,0.0
own:23,2,electricity,102163.91817726938,88217.13908432124,102163.91817726938
own:23,2,exit,0.0,0.0,0.0
own:23,2,hosting,0.0,0.0,0.0
own:23,2,installation,0.0,0.0,0.0
own:23,2,network,0.0,0.0,0.0
own:23,2,node_acquisition,0.0,0.0,0.0
own:23,2,on_demand,0.0,0.0,0.0
own:23,2,operations,116000.00000000001,100186.10516684545,116000.00000000001
own:23,2,precommission,0.0,0.0,0.0
own:23,2,residual,0.0,0.0,0.0
own:23,2,storage,0.0,0.0,0.0
own:23,2,variable_service,0.0,0.0,0.0
own:23,3,electricity,105063.23770033862,82470.08269692825,105063.23770033862
own:23,3,exit,0.0,0.0,0.0
own:23,3,hosting,0.0,0.0,0.0
own:23,3,installation,0.0,0.0,0.0
own:23,3,network,0.0,0.0,0.0
own:23,3,node_acquisition,0.0,0.0,0.0
own:23,3,on_demand,0.0,0.0,0.0
own:23,3,operations,116000.00000000001,91078.27742440495,116000.00000000001
own:23,3,precommission,0.0,0.0,0.0
own:23,3,residual,0.0,0.0,0.0
own:23,3,storage,0.0,0.0,0.0
own:23,3,variable_service,0.0,0.0,0.0
own:24,1,electricity,51044.12646494982,47335.03539010557,51044.12646494982
own:24,1,exit,0.0,0.0,0.0
own:24,1,hosting,0.0,0.0,0.0
own:24,1,installation,50000.0,50000.0,0.0
own:24,1,network,0.0,0.0,0.0
own:24,1,node_acquisition,9600000.0,9600000.0,0.0
own:24,1,on_demand,1200697.5999999999,1168043.5325965518,1200697.5999999999
own:24,1,operations,60000.0,55644.46795274622,60000.0
own:24,1,precommission,0.0,0.0,0.0
own:24,1,residual,0.0,0.0,0.0
own:24,1,storage,0.0,0.0,0.0
own:24,1,variable_service,0.0,0.0,0.0
own:24,2,electricity,104359.91817726938,90113.80850935794,104359.91817726938
own:24,2,exit,0.0,0.0,0.0
own:24,2,hosting,0.0,0.0,0.0
own:24,2,installation,0.0,0.0,0.0
own:24,2,network,0.0,0.0,0.0
own:24,2,node_acquisition,0.0,0.0,0.0
own:24,2,on_demand,0.0,0.0,0.0
own:24,2,operations,120000.0,103640.79844846082,120000.0
own:24,2,precommission,0.0,0.0,0.0
own:24,2,residual,0.0,0.0,0.0
own:24,2,storage,0.0,0.0,0.0
own:24,2,variable_service,0.0,0.0,0.0
own:24,3,electricity,107253.23770033862,84189.56201406661,107253.23770033862
own:24,3,exit,0.0,0.0,0.0
own:24,3,hosting,0.0,0.0,0.0
own:24,3,installation,0.0,0.0,0.0
own:24,3,network,0.0,0.0,0.0
own:24,3,node_acquisition,0.0,0.0,0.0
own:24,3,on_demand,0.0,0.0,0.0
own:24,3,operations,120000.0,94218.9076804189,120000.0
own:24,3,precommission,0.0,0.0,0.0
own:24,3,residual,0.0,0.0,0.0
own:24,3,storage,0.0,0.0,0.0
own:24,3,variable_service,0.0,0.0,0.0
own:25,1,electricity,52142.12646494982,48353.306355747685,52142.12646494982
own:25,1,exit,0.0,0.0,0.0
own:25,1,hosting,0.0,0.0,0.0
own:25,1,installation,50000.0,50000.0,0.0
own:25,1,network,0.0,0.0,0.0
own:25,1,node_acquisition,10000000.0,10000000.0,0.0
own:25,1,on_demand,1200697.5999999999,1168043.5325965518,1200697.5999999999
own:25,1,operations,62000.00000000001,57499.283551171095,62000.00000000001
own:25,1,precommission,0.0,0.0,0.0
own:25,1,residual,0.0,0.0,0.0
own:25,1,storage,0.0,0.0,0.0
own:25,1,variable_service,0.0,0.0,0.0
own:25,2,electricity,106555.91817726938,92010.47793439467,106555.91817726938
own:25,2,exit,0.0,0.0,0.0
own:25,2,hosting,0.0,0.0,0.0
own:25,2,installation,0.0,0.0,0.0
own:25,2,network,0.0,0.0,0.0
own:25,2,node_acquisition,0.0,0.0,0.0
own:25,2,on_demand,0.0,0.0,0.0
own:25,2,operations,123999.99999999999,107095.49173007617,123999.99999999999
own:25,2,precommission,0.0,0.0,0.0
own:25,2,residual,0.0,0.0,0.0
own:25,2,storage,0.0,0.0,0.0
own:25,2,variable_service,0.0,0.0,0.0
own:25,3,electricity,109443.23770033862,85909.041331205,109443.23770033862
own:25,3,exit,0.0,0.0,0.0
own:25,3,hosting,0.0,0.0,0.0
own:25,3,installation,0.0,0.0,0.0
own:25,3,network,0.0,0.0,0.0
own:25,3,node_acquisition,0.0,0.0,0.0
own:25,3,on_demand,0.0,0.0,0.0
own:25,3,operations,123999.99999999999,97359.53793643287,123999.99999999999
own:25,3,precommission,0.0,0.0,0.0
own:25,3,residual,0.0,0.0,0.0
own:25,3,storage,0.0,0.0,0.0
own:25,3,variable_service,0.0,0.0,0.0
own:26,1,electricity,53240.12646494982,49371.57732138981,53240.12646494982
own:26,1,exit,0.0,0.0,0.0
own:26,1,hosting,0.0,0.0,0.0
own:26,1,installation,50000.0,50000.0,0.0
own:26,1,network,0.0,0.0,0.0
own:26,1,node_acquisition,10400000.0,10400000.0,0.0
own:26,1,on_demand,1200697.5999999999,1168043.5325965518,1200697.5999999999
own:26,1,operations,63999.99999999999,59354.09914959597,63999.99999999999
own:26,1,precommission,0.0,0.0,0.0
own:26,1,residual,0.0,0.0,0.0
own:26,1,storage,0.0,0.0,0.0
own:26,1,variable_service,0.0,0.0,0.0
own:26,2,electricity,108751.91817726938,93907.14735943136,108751.91817726938
own:26,2,exit,0.0,0.0,0.0
own:26,2,hosting,0.0,0.0,0.0
own:26,2,installation,0.0,0.0,0.0
own:26,2,network,0.0,0.0,0.0
own:26,2,node_acquisition,0.0,0.0,0.0
own:26,2,on_demand,0.0,0.0,0.0
own:26,2,operations,128000.00000000001,110550.18501169152,128000.00000000001
own:26,2,precommission,0.0,0.0,0.0
own:26,2,residual,0.0,0.0,0.0
own:26,2,storage,0.0,0.0,0.0
own:26,2,variable_service,0.0,0.0,0.0
own:26,3,electricity,111633.23770033862,87628.52064834334,111633.23770033862
own:26,3,exit,0.0,0.0,0.0
own:26,3,hosting,0.0,0.0,0.0
own:26,3,installation,0.0,0.0,0.0
own:26,3,network,0.0,0.0,0.0
own:26,3,node_acquisition,0.0,0.0,0.0
own:26,3,on_demand,0.0,0.0,0.0
own:26,3,operations,128000.00000000001,100500.16819244684,128000.00000000001
own:26,3,precommission,0.0,0.0,0.0
own:26,3,residual,0.0,0.0,0.0
own:26,3,storage,0.0,0.0,0.0
own:26,3,variable_service,0.0,0.0,0.0
own:27,1,electricity,54338.12646494982,50389.84828703191,54338.12646494982
own:27,1,exit,0.0,0.0,0.0
own:27,1,hosting,0.0,0.0,0.0
own:27,1,installation,50000.0,50000.0,0.0
own:27,1,network,0.0,0.0,0.0
own:27,1,node_acquisition,10800000.0,10800000.0,0.0
own:27,1,on_demand,1200697.5999999999,1168043.5325965518,1200697.5999999999
own:27,1,operations,66000.0,61208.91474802084,66000.0
own:27,1,precommission,0.0,0.0,0.0
own:27,1,residual,0.0,0.0,0.0
own:27,1,storage,0.0,0.0,0.0
own:27,1,variable_service,0.0,0.0,0.0
own:27,2,electricity,110947.91817726938,95803.81678446807,110947.91817726938
own:27,2,exit,0.0,0.0,0.0
own:27,2,hosting,0.0,0.0,0.0
own:27,2,installation,0.0,0.0,0.0
own:27,2,network,0.0,0.0,0.0
own:27,2,node_acquisition,0.0,0.0,0.0
own:27,2,on_demand,0.0,0.0,0.0
own:27,2,operations,132000.0,114004.87829330689,132000.0
own:27,2,precommission,0.0,0.0,0.0
own:27,2,residual,0.0,0.0,0.0
own:27,2,storage,0.0,0.0,0.0
own:27,2,variable_service,0.0,0.0,0.0
own:27,3,electricity,113823.23770033862,89347.99996548172,113823.23770033862
own:27,3,exit,0.0,0.0,0.0
own:27,3,hosting,0.0,0.0,0.0
own:27,3,installation,0.0,0.0,0.0
own:27,3,network,0.0,0.0,0.0
own:27,3,node_acquisition,0.0,0.0,0.0
own:27,3,on_demand,0.0,0.0,0.0
own:27,3,operations,132000.0,103640.7984484608,132000.0
own:27,3,precommission,0.0,0.0,0.0
own:27,3,residual,0.0,0.0,0.0
own:27,3,storage,0.0,0.0,0.0
own:27,3,variable_service,0.0,0.0,0.0
own:28,1,electricity,55436.12646494982,51408.119252674034,55436.12646494982
own:28,1,exit,0.0,0.0,0.0
own:28,1,hosting,0.0,0.0,0.0
own:28,1,installation,50000.0,50000.0,0.0
own:28,1,network,0.0,0.0,0.0
own:28,1,node_acquisition,11200000.0,11200000.0,0.0
own:28,1,on_demand,1200697.5999999999,1168043.5325965518,1200697.5999999999
own:28,1,operations,68000.0,63063.73034644572,68000.0
own:28,1,precommission,0.0,0.0,0.0
own:28,1,residual,0.0,0.0,0.0
own:28,1,storage,0.0,0.0,0.0
own:28,1,variable_service,0.0,0.0,0.0
own:28,2,electricity,113143.91817726938,97700.48620950477,113143.91817726938
own:28,2,exit,0.0,0.0,0.0
own:28,2,hosting,0.0,0.0,0.0
own:28,2,installation,0.0,0.0,0.0
own:28,2,network,0.0,0.0,0.0
own:28,2,node_acquisition,0.0,0.0,0.0
own:28,2,on_demand,0.0,0.0,0.0
own:28,2,operations,135999.99999999997,117459.57157492226,135999.99999999997
own:28,2,precommission,0.0,0.0,0.0
own:28,2,residual,0.0,0.0,0.0
own:28,2,storage,0.0,0.0,0.0
own:28,2,variable_service,0.0,0.0,0.0
own:28,3,electricity,116013.23770033862,91067.47928262007,116013.23770033862
own:28,3,exit,0.0,0.0,0.0
own:28,3,hosting,0.0,0.0,0.0
own:28,3,installation,0.0,0.0,0.0
own:28,3,network,0.0,0.0,0.0
own:28,3,node_acquisition,0.0,0.0,0.0
own:28,3,on_demand,0.0,0.0,0.0
own:28,3,operations,135999.99999999997,106781.42870447475,135999.99999999997
own:28,3,precommission,0.0,0.0,0.0
own:28,3,residual,0.0,0.0,0.0
own:28,3,storage,0.0,0.0,0.0
own:28,3,variable_service,0.0,0.0,0.0
own:29,1,electricity,56534.12646494982,52426.39021831615,56534.12646494982
own:29,1,exit,0.0,0.0,0.0
own:29,1,hosting,0.0,0.0,0.0
own:29,1,installation,50000.0,50000.0,0.0
own:29,1,network,0.0,0.0,0.0
own:29,1,node_acquisition,11600000.0,11600000.0,0.0
own:29,1,on_demand,1200697.5999999999,1168043.5325965518,1200697.5999999999
own:29,1,operations,70000.0,64918.545944870595,70000.0
own:29,1,precommission,0.0,0.0,0.0
own:29,1,residual,0.0,0.0,0.0
own:29,1,storage,0.0,0.0,0.0
own:29,1,variable_service,0.0,0.0,0.0
own:29,2,electricity,115339.91817726938,99597.15563454147,115339.91817726938
own:29,2,exit,0.0,0.0,0.0
own:29,2,hosting,0.0,0.0,0.0
own:29,2,installation,0.0,0.0,0.0
own:29,2,network,0.0,0.0,0.0
own:29,2,node_acquisition,0.0,0.0,0.0
own:29,2,on_demand,0.0,0.0,0.0
own:29,2,operations,140000.00000000003,120914.2648565376,140000.00000000003
own:29,2,precommission,0.0,0.0,0.0
own:29,2,residual,0.0,0.0,0.0
own:29,2,storage,0.0,0.0,0.0
own:29,2,variable_service,0.0,0.0,0.0
own:29,3,electricity,118203.23770033862,92786.95859975844,118203.23770033862
own:29,3,exit,0.0,0.0,0.0
own:29,3,hosting,0.0,0.0,0.0
own:29,3,installation,0.0,0.0,0.0
own:29,3,network,0.0,0.0,0.0
own:29,3,node_acquisition,0.0,0.0,0.0
own:29,3,on_demand,0.0,0.0,0.0
own:29,3,operations,140000.00000000003,109922.05896048872,140000.00000000003
own:29,3,precommission,0.0,0.0,0.0
own:29,3,residual,0.0,0.0,0.0
own:29,3,storage,0.0,0.0,0.0
own:29,3,variable_service,0.0,0.0,0.0
own:3,1,electricity,16206.48,15029.679452877623,16206.48
own:3,1,exit,0.0,0.0,0.0
own:3,1,hosting,0.0,0.0,0.0
own:3,1,installation,50000.0,50000.0,0.0
own:3,1,network,0.0,0.0,0.0
own:3,1,node_acquisition,1200000.0,1200000.0,0.0
own:3,1,on_demand,1872735.9999999998,1791159.9597055493,1872735.9999999998
own:3,1,operations,18000.0,16693.340385823867,18000.0
own:3,1,precommission,0.0,0.0,0.0
own:3,1,residual,0.0,0.0,0.0
own:3,1,storage,0.0,0.0,0.0
own:3,1,variable_service,0.0,0.0,0.0
own:3,2,electricity,32412.960000000003,27994.840713541744,32412.960000000003
own:3,2,exit,0.0,0.0,0.0
own:3,2,hosting,0.0,0.0,0.0
own:3,2,installation,0.0,0.0,0.0
own:3,2,network,0.0,0.0,0.0
own:3,2,node_acquisition,0.0,0.0,0.0
own:3,2,on_demand,1450372.8,1251676.5923555787,1450372.8
own:3,2,operations,36000.0,31092.239534538243,36000.0
own:3,2,precommission,0.0,0.0,0.0
own:3,2,residual,0.0,0.0,0.0
own:3,2,storage,0.0,0.0,0.0
own:3,2,variable_service,0.0,0.0,0.0
own:3,3,electricity,32324.4,25379.514720962223,32324.4
own:3,3,exit,0.0,0.0,0.0
own:3,3,hosting,0.0,0.0,0.0
own:3,3,installation,0.0,0.0,0.0
own:3,3,network,0.0,0.0,0.0
own:3,3,node_acquisition,0.0,0.0,0.0
own:3,3,on_demand,1594646.4,1251082.2691791265,1594646.4
own:3,3,operations,36000.0,28265.672304125674,36000.0
own:3,3,precommission,0.0,0.0,0.0
own:3,3,residual,0.0,0.0,0.0
own:3,3,storage,0.0,0.0,0.0
own:3,3,variable_service,0.0,0.0,0.0
own:30,1,electricity,57632.12646494982,53444.661183958255,57632.12646494982
own:30,1,exit,0.0,0.0,0.0
own:30,1,hosting,0.0,0.0,0.0
own:30,1,installation,50000.0,50000.0,0.0
own:30,1,network,0.0,0.0,0.0
own:30,1,node_acquisition,12000000.0,12000000.0,0.0
own:30,1,on_demand,1200697.5999999999,1168043.5325965518,1200697.5999999999
own:30,1,operations,72000.0,66773.36154329547,72000.0
own:30,1,precommission,0.0,0.0,0.0
own:30,1,residual,0.0,0.0,0.0
own:30,1,storage,0.0,0.0,0.0
own:30,1,variable_service,0.0,0.0,0.0
own:30,2,electricity,117535.91817726938,101493.82505957819,117535.91817726938
own:30,2,exit,0.0,0.0,0.0
own:30,2,hosting,0.0,0.0,0.0
own:30,2,installation,0.0,0.0,0.0
own:30,2,network,0.0,0.0,0.0
own:30,2,node_acquisition,0.0,0.0,0.0
own:30,2,on_demand,0.0,0.0,0.0
own:30,2,operations,144000.0,124368.95813815297,144000.0
own:30,2,precommission,0.0,0.0,0.0
own:30,2,residual,0.0,0.0,0.0
own:30,2,storage,0.0,0.0,0.0
own:30,2,variable_service,0.0,0.0,0.0
own:30,3,electricity,120393.23770033862,94506.43791689679,120393.23770033862
own:30,3,exit,0.0,0.0,0.0
own:30,3,hosting,0.0,0.0,0.0
own:30,3,installation,0.0,0.0,0.0
own:30,3,network,0.0,0.0,0.0
own:30,3,node_acquisition,0.0,0.0,0.0
own:30,3,on_demand,0.0,0.0,0.0
own:30,3,operations,144000.0,113062.6892165027,144000.0
own:30,3,precommission,0.0,0.0,0.0
own:30,3,residual,0.0,0.0,0.0
own:30,3,storage,0.0,0.0,0.0
own:30,3,variable_service,0.0,0.0,0.0
own:31,1,electricity,58730.12646494982,54462.93214960038,58730.12646494982
own:31,1,exit,0.0,0.0,0.0
own:31,1,hosting,0.0,0.0,0.0
own:31,1,installation,50000.0,50000.0,0.0
own:31,1,network,0.0,0.0,0.0
own:31,1,node_acquisition,12400000.0,12400000.0,0.0
own:31,1,on_demand,1200697.5999999999,1168043.5325965518,1200697.5999999999
own:31,1,operations,74000.0,68628.17714172034,74000.0
own:31,1,precommission,0.0,0.0,0.0
own:31,1,residual,0.0,0.0,0.0
own:31,1,storage,0.0,0.0,0.0
own:31,1,variable_service,0.0,0.0,0.0
own:31,2,electricity,119731.9181772694,103390.49448461487,119731.9181772694
own:31,2,exit,0.0,0.0,0.0
own:31,2,hosting,0.0,0.0,0.0
own:31,2,installation,0.0,0.0,0.0
own:31,2,network,0.0,0.0,0.0
own:31,2,node_acquisition,0.0,0.0,0.0
own:31,2,on_demand,0.0,0.0,0.0
own:31,2,operations,148000.0,127823.65141976833,148000.0
own:31,2,precommission,0.0,0.0,0.0
own:31,2,residual,0.0,0.0,0.0
own:31,2,storage,0.0,0.0,0.0
own:31,2,variable_service,0.0,0.0,0.0
own:31,3,electricity,122583.23770033862,96225.91723403515,122583.23770033862
own:31,3,exit,0.0,0.0,0.0
own:31,3,hosting,0.0,0.0,0.0
own:31,3,installation,0.0,0.0,0.0
own:31,3,network,0.0,0.0,0.0
own:31,3,node_acquisition,0.0,0.0,0.0
own:31,3,on_demand,0.0,0.0,0.0
own:31,3,operations,148000.0,116203.31947251665,148000.0
own:31,3,precommission,0.0,0.0,0.0
own:31,3,residual,0.0,0.0,0.0
own:31,3,storage,0.0,0.0,0.0
own:31,3,variable_service,0.0,0.0,0.0
own:32,1,electricity,59828.12646494982,55481.20311524249,59828.12646494982
own:32,1,exit,0.0,0.0,0.0
own:32,1,hosting,0.0,0.0,0.0
own:32,1,installation,50000.0,50000.0,0.0
own:32,1,network,0.0,0.0,0.0
own:32,1,node_acquisition,12800000.0,12800000.0,0.0
own:32,1,on_demand,1200697.5999999999,1168043.5325965518,1200697.5999999999
own:32,1,operations,76000.0,70482.99274014522,76000.0
own:32,1,precommission,0.0,0.0,0.0
own:32,1,residual,0.0,0.0,0.0
own:32,1,storage,0.0,0.0,0.0
own:32,1,variable_service,0.0,0.0,0.0
own:32,2,electricity,121927.9181772694,105287.16390965159,121927.9181772694
own:32,2,exit,0.0,0.0,0.0
own:32,2,hosting,0.0,0.0,0.0
own:32,2,installation,0.0,0.0,0.0
own:32,2,network,0.0,0.0,0.0
own:32,2,node_acquisition,0.0,0.0,0.0
own:32,2,on_demand,0.0,0.0,0.0
own:32,2,operations,152000.0,131278.34470138367,152000.0
own:32,2,precommission,0.0,0.0,0.0
own:32,2,residual,0.0,0.0,0.0
own:32,2,storage,0.0,0.0,0.0
own:32,2,variable_service,0.0,0.0,0.0
own:32,3,electricity,124773.23770033862,97945.39655117352,124773.23770033862
own:32,3,exit,0.0,0.0,0.0
own:32,3,hosting,0.0,0.0,0.0
own:32,3,installation,0.0,0.0,0.0
own:32,3,network,0.0,0.0,0.0
own:32,3,node_acquisition,0.0,0.0,0.0
own:32,3,on_demand,0.0,0.0,0.0
own:32,3,operations,152000.0,119343.94972853061,152000.0
own:32,3,precommission,0.0,0.0,0.0
own:32,3,residual,0.0,0.0,0.0
own:32,3,storage,0.0,0.0,0.0
own:32,3,variable_service,0.0,0.0,0.0
own:4,1,electricity,21608.640000000003,20039.572603836834,21608.640000000003
own:4,1,exit,0.0,0.0,0.0
own:4,1,hosting,0.0,0.0,0.0
own:4,1,installation,50000.0,50000.0,0.0
own:4,1,network,0.0,0.0,0.0
own:4,1,node_acquisition,1600000.0,1600000.0,0.0
own:4,1,on_demand,1630697.5999999999,1566697.9003559125,1630697.5999999999
own:4,1,operations,20000.0,18548.15598424874,20000.0
own:4,1,precommission,0.0,0.0,0.0
own:4,1,residual,0.0,0.0,0.0
own:4,1,storage,0.0,0.0,0.0
own:4,1,variable_service,0.0,0.0,0.0
own:4,2,electricity,43217.280000000006,37326.454284722335,43217.280000000006
own:4,2,exit,0.0,0.0,0.0
own:4,2,hosting,0.0,0.0,0.0
own:4,2,installation,0.0,0.0,0.0
own:4,2,network,0.0,0.0,0.0
own:4,2,node_acquisition,0.0,0.0,0.0
own:4,2,on_demand,966296.0,833584.1005114531,966296.0
own:4,2,operations,40000.0,34546.9328161536,40000.0
own:4,2,precommission,0.0,0.0,0.0
own:4,2,residual,0.0,0.0,0.0
own:4,2,storage,0.0,0.0,0.0
own:4,2,variable_service,0.0,0.0,0.0
own:4,3,electricity,43099.20000000001,33839.352961282966,43099.20000000001
own:4,3,exit,0.0,0.0,0.0
own:4,3,hosting,0.0,0.0,0.0
own:4,3,installation,0.0,0.0,0.0
own:4,3,network,0.0,0.0,0.0
own:4,3,node_acquisition,0.0,0.0,0.0
own:4,3,on_demand,1112633.6,872624.727010551,1112633.6
own:4,3,operations,40000.0,31406.302560139637,40000.0
own:4,3,precommission,0.0,0.0,0.0
own:4,3,residual,0.0,0.0,0.0
own:4,3,storage,0.0,0.0,0.0
own:4,3,variable_service,0.0,0.0,0.0
own:5,1,electricity,26255.57764329988,24347.331823324195,26255.57764329988
own:5,1,exit,0.0,0.0,0.0
own:5,1,hosting,0.0,0.0,0.0
own:5,1,installation,50000.0,50000.0,0.0
own:5,1,network,0.0,0.0,0.0
own:5,1,node_acquisition,2000000.0,2000000.0,0.0
own:5,1,on_demand,1441772.8000000003,1391614.3706197885,1441772.8000000003
own:5,1,operations,22000.0,20402.97158267361,22000.0
own:5,1,precommission,0.0,0.0,0.0
own:5,1,residual,0.0,0.0,0.0
own:5,1,storage,0.0,0.0,0.0
own:5,1,variable_service,0.0,0.0,0.0
own:5,2,electricity,53765.51692112,46429.87274420326,53765.51692112
own:5,2,exit,0.0,0.0,0.0
own:5,2,hosting,0.0,0.0,0.0
own:5,2,installation,0.0,0.0,0.0
own:5,2,network,0.0,0.0,0.0
own:5,2,node_acquisition,0.0,0.0,0.0
own:5,2,on_demand,500451.2,431730.37404095003,500451.2
own:5,2,operations,43999.99999999999,38001.62609776897,43999.99999999999
own:5,2,precommission,0.0,0.0,0.0
own:5,2,residual,0.0,0.0,0.0
own:5,2,storage,0.0,0.0,0.0
own:5,2,variable_service,0.0,0.0,0.0
own:5,3,electricity,53874.0,42299.1912016037,53874.0
own:5,3,exit,0.0,0.0,0.0
own:5,3,hosting,0.0,0.0,0.0
own:5,3,installation,0.0,0.0,0.0
own:5,3,network,0.0,0.0,0.0
own:5,3,node_acquisition,0.0,0.0,0.0
own:5,3,on_demand,630001.5999999999,493688.5725032604,630001.5999999999
own:5,3,operations,43999.99999999999,34546.932816153596,43999.99999999999
own:5,3,precommission,0.0,0.0,0.0
own:5,3,residual,0.0,0.0,0.0
own:5,3,storage,0.0,0.0,0.0
own:5,3,variable_service,0.0,0.0,0.0
own:6,1,electricity,28214.40964329988,26163.927226029733,28214.40964329988
own:6,1,exit,0.0,0.0,0.0
own:6,1,hosting,0.0,0.0,0.0
own:6,1,installation,50000.0,50000.0,0.0
own:6,1,network,0.0,0.0,0.0
own:6,1,node_acquisition,2400000.0,2400000.0,0.0
own:6,1,on_demand,1416729.6,1368323.2063568942,1416729.6
own:6,1,operations,24000.0,22257.78718109849,24000.0
own:6,1,precommission,0.0,0.0,0.0
own:6,1,residual,0.0,0.0,0.0
own:6,1,storage,0.0,0.0,0.0
own:6,1,variable_service,0.0,0.0,0.0
own:6,2,electricity,57943.262784846265,50031.11106457759,57943.262784846265
own:6,2,exit,0.0,0.0,0.0
own:6,2,hosting,0.0,0.0,0.0
own:6,2,installation,0.0,0.0,0.0
own:6,2,network,0.0,0.0,0.0
own:6,2,node_acquisition,0.0,0.0,0.0
own:6,2,on_demand,474719.9999999999,409800.9405850601,474719.9999999999
own:6,2,operations,48000.0,41456.31937938431,48000.0
own:6,2,precommission,0.0,0.0,0.0
own:6,2,residual,0.0,0.0,0.0
own:6,2,storage,0.0,0.0,0.0
own:6,2,variable_service,0.0,0.0,0.0
own:6,3,electricity,59903.918466892406,47020.01221247964,59903.918466892406
own:6,3,exit,0.0,0.0,0.0
own:6,3,hosting,0.0,0.0,0.0
own:6,3,installation,0.0,0.0,0.0
own:6,3,network,0.0,0.0,0.0
own:6,3,node_acquisition,0.0,0.0,0.0
own:6,3,on_demand,480499.1999999999,377259.6771393916,480499.1999999999
own:6,3,operations,48000.0,37687.56307216756,48000.0
own:6,3,precommission,0.0,0.0,0.0
own:6,3,residual,0.0,0.0,0.0
own:6,3,storage,0.0,0.0,0.0
own:6,3,variable_service,0.0,0.0,0.0
own:7,1,electricity,30173.24164329988,27980.522628735263,30173.24164329988
own:7,1,exit,0.0,0.0,0.0
own:7,1,hosting,0.0,0.0,0.0
own:7,1,installation,50000.0,50000.0,0.0
own:7,1,network,0.0,0.0,0.0
own:7,1,node_acquisition,2800000.0,2800000.0,0.0
own:7,1,on_demand,1356116.8,1312117.3231074433,1356116.8
own:7,1,operations,25999.999999999996,24112.60277952336,25999.999999999996
own:7,1,precommission,0.0,0.0,0.0
own:7,1,residual,0.0,0.0,0.0
own:7,1,storage,0.0,0.0,0.0
own:7,1,variable_service,0.0,0.0,0.0
own:7,2,electricity,61860.92678484626,53414.769318843064,61860.92678484626
own:7,2,exit,0.0,0.0,0.0
own:7,2,hosting,0.0,0.0,0.0
own:7,2,installation,0.0,0.0,0.0
own:7,2,network,0.0,0.0,0.0
own:7,2,node_acquisition,0.0,0.0,0.0
own:7,2,on_demand,364502.39999999997,314311.26167853933,364502.39999999997
own:7,2,operations,52000.00000000001,44911.01266099968,52000.00000000001
own:7,2,precommission,0.0,0.0,0.0
own:7,2,residual,0.0,0.0,0.0
own:7,2,storage,0.0,0.0,0.0
own:7,2,variable_service,0.0,0.0,0.0
own:7,3,electricity,63810.87846689241,50087.56331425449,63810.87846689241
own:7,3,exit,0.0,0.0,0.0
own:7,3,hosting,0.0,0.0,0.0
own:7,3,installation,0.0,0.0,0.0
own:7,3,network,0.0,0.0,0.0
own:7,3,node_acquisition,0.0,0.0,0.0
own:7,3,on_demand,437292.8,342861.24094965175,437292.8
own:7,3,operations,52000.00000000001,40828.19332818152,52000.00000000001
own:7,3,precommission,0.0,0.0,0.0
own:7,3,residual,0.0,0.0,0.0
own:7,3,storage,0.0,0.0,0.0
own:7,3,variable_service,0.0,0.0,0.0
own:8,1,electricity,32132.073643299882,29797.1180314408,32132.073643299882
own:8,1,exit,0.0,0.0,0.0
own:8,1,hosting,0.0,0.0,0.0
own:8,1,installation,50000.0,50000.0,0.0
own:8,1,network,0.0,0.0,0.0
own:8,1,node_acquisition,3200000.0,3200000.0,0.0
own:8,1,on_demand,1295366.4,1255774.1866753101,1295366.4
own:8,1,operations,28000.000000000004,25967.41837794824,28000.000000000004
own:8,1,precommission,0.0,0.0,0.0
own:8,1,residual,0.0,0.0,0.0
own:8,1,storage,0.0,0.0,0.0
own:8,1,variable_service,0.0,0.0,0.0
own:8,2,electricity,65778.59078484627,56798.42757310855,65778.59078484627
own:8,2,exit,0.0,0.0,0.0
own:8,2,hosting,0.0,0.0,0.0
own:8,2,installation,0.0,0.0,0.0
own:8,2,network,0.0,0.0,0.0
own:8,2,node_acquisition,0.0,0.0,0.0
own:8,2,on_demand,242795.2,209200.7443070882,242795.2
own:8,2,operations,55999.99999999999,48365.70594261505,55999.99999999999
own:8,2,precommission,0.0,0.0,0.0
own:8,2,residual,0.0,0.0,0.0
own:8,2,storage,0.0,0.0,0.0
own:8,2,variable_service,0.0,0.0,0.0
own:8,3,electricity,67717.83846689241,53155.114416029326,67717.83846689241
own:8,3,exit,0.0,0.0,0.0
own:8,3,hosting,0.0,0.0,0.0
own:8,3,installation,0.0,0.0,0.0
own:8,3,network,0.0,0.0,0.0
own:8,3,node_acquisition,0.0,0.0,0.0
own:8,3,on_demand,316617.6,248120.27405547214,316617.6
own:8,3,operations,55999.99999999999,43968.823584195496,55999.99999999999
own:8,3,precommission,0.0,0.0,0.0
own:8,3,residual,0.0,0.0,0.0
own:8,3,storage,0.0,0.0,0.0
own:8,3,variable_service,0.0,0.0,0.0
own:9,1,electricity,34090.90564329988,31613.713434146335,34090.90564329988
own:9,1,exit,0.0,0.0,0.0
own:9,1,hosting,0.0,0.0,0.0
own:9,1,installation,50000.0,50000.0,0.0
own:9,1,network,0.0,0.0,0.0
own:9,1,node_acquisition,3600000.0,3600000.0,0.0
own:9,1,on_demand,1234891.1999999995,1199691.323085133,1234891.1999999995
own:9,1,operations,30000.0,27822.23397637311,30000.0
own:9,1,precommission,0.0,0.0,0.0
own:9,1,residual,0.0,0.0,0.0
own:9,1,storage,0.0,0.0,0.0
own:9,1,variable_service,0.0,0.0,0.0
own:9,2,electricity,69696.25478484626,60182.08582737403,69696.25478484626
own:9,2,exit,0.0,0.0,0.0
own:9,2,hosting,0.0,0.0,0.0
own:9,2,installation,0.0,0.0,0.0
own:9,2,network,0.0,0.0,0.0
own:9,2,node_acquisition,0.0,0.0,0.0
own:9,2,on_demand,121776.0,104677.01722666326,121776.0
own:9,2,operations,60000.0,51820.39922423041,60000.0
own:9,2,precommission,0.0,0.0,0.0
own:9,2,residual,0.0,0.0,0.0
own:9,2,storage,0.0,0.0,0.0
own:9,2,variable_service,0.0,0.0,0.0
own:9,3,electricity,71624.7984668924,56222.66551780415,71624.7984668924
own:9,3,exit,0.0,0.0,0.0
own:9,3,hosting,0.0,0.0,0.0
own:9,3,installation,0.0,0.0,0.0
own:9,3,network,0.0,0.0,0.0
own:9,3,node_acquisition,0.0,0.0,0.0
own:9,3,on_demand,195942.39999999997,153365.42321985416,195942.39999999997
own:9,3,operations,60000.0,47109.45384020945,60000.0
own:9,3,precommission,0.0,0.0,0.0
own:9,3,residual,0.0,0.0,0.0
own:9,3,storage,0.0,0.0,0.0
own:9,3,variable_service,0.0,0.0,0.0
