demand_multiplier,acquisition_multiplier,node_acquisition_usd,winner,lowest_pv_usd,tie_set,status
0.25,0.75,300000.0,own:2,1296919.4381802485,own:2,conditional
0.25,0.7763157894736842,310526.31578947365,own:2,1317972.0697591957,own:2,conditional
0.25,0.8026315789473684,321052.63157894736,own:2,1339024.701338143,own:2,conditional
0.25,0.8289473684210527,331578.94736842107,own:2,1360077.3329170905,own:2,conditional
0.25,0.8552631578947368,342105.2631578947,own:2,1381129.964496038,own:2,conditional
0.25,0.881578947368421,352631.5789473684,own:2,1402182.5960749853,own:2,conditional
0.25,0.9078947368421053,363157.89473684214,own:2,1423235.2276539328,own:2,conditional
0.25,0.9342105263157895,373684.2105263158,own:2,1444287.8592328802,own:2,conditional
0.25,0.9605263157894737,384210.5263157895,own:2,1465340.4908118276,own:2,conditional
0.25,0.9868421052631579,394736.84210526315,own:2,1486393.1223907748,own:2,conditional
0.25,1.013157894736842,405263.1578947368,own:2,1507445.753969722,own:2,conditional
0.25,1.0394736842105263,415789.4736842105,own:2,1528498.3855486696,own:2,conditional
0.25,1.0657894736842106,426315.7894736843,own:2,1549551.017127617,own:2,conditional
0.25,1.0921052631578947,436842.10526315786,own:2,1570603.6487065642,own:2,conditional
0.25,1.118421052631579,447368.4210526316,own:2,1591656.2802855116,own:2,conditional
0.25,1.1447368421052633,457894.7368421053,own:2,1612708.911864459,own:2,conditional
0.25,1.1710526315789473,468421.05263157893,own:2,1633761.5434434065,own:2,conditional
0.25,1.1973684210526314,478947.3684210526,own:2,1654814.175022354,own:2,conditional
0.25,1.2236842105263157,489473.6842105263,own:2,1675866.8066013013,own:2;commit:1,conditional
0.25,1.25,500000.0,commit:1,1691329.204986747,commit:1;own:2;own:1,conditional
0.34210526315789475,0.75,300000.0,own:2,1692692.0122773065,own:2,conditional
0.34210526315789475,0.7763157894736842,310526.31578947365,own:2,1713744.643856254,own:2,conditional
0.34210526315789475,0.8026315789473684,321052.63157894736,own:2,1734797.2754352014,own:2,conditional
0.34210526315789475,0.8289473684210527,331578.94736842107,own:2,1755849.9070141488,own:2,conditional
0.34210526315789475,0.8552631578947368,342105.2631578947,own:2,1776902.538593096,own:2,conditional
0.34210526315789475,0.881578947368421,352631.5789473684,own:2,1797955.1701720436,own:2,conditional
0.34210526315789475,0.9078947368421053,363157.89473684214,own:2,1819007.801750991,own:2,conditional
0.34210526315789475,0.9342105263157895,373684.2105263158,own:2,1840060.4333299382,own:2,conditional
0.34210526315789475,0.9605263157894737,384210.5263157895,own:2,1861113.0649088856,own:2,conditional
0.34210526315789475,0.9868421052631579,394736.84210526315,own:2,1882165.696487833,own:2,conditional
0.34210526315789475,1.013157894736842,405263.1578947368,own:2,1903218.3280667802,own:2,conditional
0.34210526315789475,1.0394736842105263,415789.4736842105,own:2,1924270.9596457276,own:2,conditional
0.34210526315789475,1.0657894736842106,426315.7894736843,own:2,1945323.5912246753,own:2,conditional
0.34210526315789475,1.0921052631578947,436842.10526315786,own:2,1966376.2228036223,own:2,conditional
0.34210526315789475,1.118421052631579,447368.4210526316,own:2,1987428.8543825697,own:2,conditional
0.34210526315789475,1.1447368421052633,457894.7368421053,own:2,2008481.4859615169,own:2,conditional
0.34210526315789475,1.1710526315789473,468421.05263157893,own:2,2029534.1175404643,own:2,conditional
0.34210526315789475,1.1973684210526314,478947.3684210526,own:2,2050586.7491194115,own:2,conditional
0.34210526315789475,1.2236842105263157,489473.6842105263,own:2,2071639.3806983589,own:2,conditional
0.34210526315789475,1.25,500000.0,own:2,2092692.0122773063,own:2,conditional
0.4342105263157895,0.75,300000.0,commit:2,2764660.685606764,commit:2,conditional
0.4342105263157895,0.7763157894736842,310526.31578947365,commit:2,2764660.685606764,commit:2,conditional
0.4342105263157895,0.8026315789473684,321052.63157894736,commit:2,2764660.685606764,commit:2,conditional
0.4342105263157895,0.8289473684210527,331578.94736842107,commit:2,2764660.685606764,commit:2,conditional
0.4342105263157895,0.8552631578947368,342105.2631578947,commit:2,2764660.685606764,commit:2,conditional
0.4342105263157895,0.881578947368421,352631.5789473684,commit:2,2764660.685606764,commit:2,conditional
0.4342105263157895,0.9078947368421053,363157.89473684214,commit:2,2764660.685606764,commit:2,conditional
0.4342105263157895,0.9342105263157895,373684.2105263158,commit:2,2764660.685606764,commit:2,conditional
0.4342105263157895,0.9605263157894737,384210.5263157895,commit:2,2764660.685606764,commit:2,conditional
0.4342105263157895,0.9868421052631579,394736.84210526315,commit:2,2764660.685606764,commit:2,conditional
0.4342105263157895,1.013157894736842,405263.1578947368,commit:2,2764660.685606764,commit:2,conditional
0.4342105263157895,1.0394736842105263,415789.4736842105,commit:2,2764660.685606764,commit:2,conditional
0.4342105263157895,1.0657894736842106,426315.7894736843,commit:2,2764660.685606764,commit:2,conditional
0.4342105263157895,1.0921052631578947,436842.10526315786,commit:2,2764660.685606764,commit:2,conditional
0.4342105263157895,1.118421052631579,447368.4210526316,commit:2,2764660.685606764,commit:2,conditional
0.4342105263157895,1.1447368421052633,457894.7368421053,commit:2,2764660.685606764,commit:2,conditional
0.4342105263157895,1.1710526315789473,468421.05263157893,commit:2,2764660.685606764,commit:2,conditional
0.4342105263157895,1.1973684210526314,478947.3684210526,commit:2,2764660.685606764,commit:2,conditional
0.4342105263157895,1.2236842105263157,489473.6842105263,commit:2,2764660.685606764,commit:2,conditional
0.4342105263157895,1.25,500000.0,commit:2,2764660.685606764,commit:2,conditional
0.5263157894736842,0.75,300000.0,commit:3,3442229.6883624764,commit:3,conditional
0.5263157894736842,0.7763157894736842,310526.31578947365,commit:3,3442229.6883624764,commit:3,conditional
0.5263157894736842,0.8026315789473684,321052.63157894736,commit:3,3442229.6883624764,commit:3,conditional
0.5263157894736842,0.8289473684210527,331578.94736842107,commit:3,3442229.6883624764,commit:3,conditional
0.5263157894736842,0.8552631578947368,342105.2631578947,commit:3,3442229.6883624764,commit:3,conditional
0.5263157894736842,0.881578947368421,352631.5789473684,commit:3,3442229.6883624764,commit:3,conditional
0.5263157894736842,0.9078947368421053,363157.89473684214,commit:3,3442229.6883624764,commit:3,conditional
0.5263157894736842,0.9342105263157895,373684.2105263158,commit:3,3442229.6883624764,commit:3,conditional
0.5263157894736842,0.9605263157894737,384210.5263157895,commit:3,3442229.6883624764,commit:3,conditional
0.5263157894736842,0.9868421052631579,394736.84210526315,commit:3,3442229.6883624764,commit:3,conditional
0.5263157894736842,1.013157894736842,405263.1578947368,commit:3,3442229.6883624764,commit:3,conditional
0.5263157894736842,1.0394736842105263,415789.4736842105,commit:3,3442229.6883624764,commit:3,conditional
0.5263157894736842,1.0657894736842106,426315.7894736843,commit:3,3442229.6883624764,commit:3,conditional
0.5263157894736842,1.0921052631578947,436842.10526315786,commit:3,3442229.6883624764,commit:3,conditional
0.5263157894736842,1.118421052631579,447368.4210526316,commit:3,3442229.6883624764,commit:3,conditional
0.5263157894736842,1.1447368421052633,457894.7368421053,commit:3,3442229.6883624764,commit:3,conditional
0.5263157894736842,1.1710526315789473,468421.05263157893,commit:3,3442229.6883624764,commit:3,conditional
0.5263157894736842,1.1973684210526314,478947.3684210526,commit:3,3442229.6883624764,commit:3,conditional
0.5263157894736842,1.2236842105263157,489473.6842105263,commit:3,3442229.6883624764,commit:3,conditional
0.5263157894736842,1.25,500000.0,commit:3,3442229.6883624764,commit:3,conditional
0.618421052631579,0.75,300000.0,commit:3,3876824.915313206,commit:3,conditional
0.618421052631579,0.7763157894736842,310526.31578947365,commit:3,3876824.915313206,commit:3,conditional
0.618421052631579,0.8026315789473684,321052.63157894736,commit:3,3876824.915313206,commit:3,conditional
0.618421052631579,0.8289473684210527,331578.94736842107,commit:3,3876824.915313206,commit:3,conditional
0.618421052631579,0.8552631578947368,342105.2631578947,commit:3,3876824.915313206,commit:3,conditional
0.618421052631579,0.881578947368421,352631.5789473684,commit:3,3876824.915313206,commit:3,conditional
0.618421052631579,0.9078947368421053,363157.89473684214,commit:3,3876824.915313206,commit:3,conditional
0.618421052631579,0.9342105263157895,373684.2105263158,commit:3,3876824.915313206,commit:3,conditional
0.618421052631579,0.9605263157894737,384210.5263157895,commit:3,3876824.915313206,commit:3,conditional
0.618421052631579,0.9868421052631579,394736.84210526315,commit:3,3876824.915313206,commit:3,conditional
0.618421052631579,1.013157894736842,405263.1578947368,commit:3,3876824.915313206,commit:3,conditional
0.618421052631579,1.0394736842105263,415789.4736842105,commit:3,3876824.915313206,commit:3,conditional
0.618421052631579,1.0657894736842106,426315.7894736843,commit:3,3876824.915313206,commit:3,conditional
0.618421052631579,1.0921052631578947,436842.10526315786,commit:3,3876824.915313206,commit:3,conditional
0.618421052631579,1.118421052631579,447368.4210526316,commit:3,3876824.915313206,commit:3,conditional
0.618421052631579,1.1447368421052633,457894.7368421053,commit:3,3876824.915313206,commit:3,conditional
0.618421052631579,1.1710526315789473,468421.05263157893,commit:3,3876824.915313206,commit:3,conditional
0.618421052631579,1.1973684210526314,478947.3684210526,commit:3,3876824.915313206,commit:3,conditional
0.618421052631579,1.2236842105263157,489473.6842105263,commit:3,3876824.915313206,commit:3,conditional
0.618421052631579,1.25,500000.0,commit:3,3876824.915313206,commit:3,conditional
0.7105263157894737,0.75,300000.0,commit:4,4617166.287073121,commit:4,conditional
0.7105263157894737,0.7763157894736842,310526.31578947365,commit:4,4617166.287073121,commit:4,conditional
0.7105263157894737,0.8026315789473684,321052.63157894736,commit:4,4617166.287073121,commit:4,conditional
0.7105263157894737,0.8289473684210527,331578.94736842107,commit:4,4617166.287073121,commit:4,conditional
0.7105263157894737,0.8552631578947368,342105.2631578947,commit:4,4617166.287073121,commit:4,conditional
0.7105263157894737,0.881578947368421,352631.5789473684,commit:4,4617166.287073121,commit:4,conditional
0.7105263157894737,0.9078947368421053,363157.89473684214,commit:4,4617166.287073121,commit:4,conditional
0.7105263157894737,0.9342105263157895,373684.2105263158,commit:4,4617166.287073121,commit:4,conditional
0.7105263157894737,0.9605263157894737,384210.5263157895,commit:4,4617166.287073121,commit:4,conditional
0.7105263157894737,0.9868421052631579,394736.84210526315,commit:4,4617166.287073121,commit:4,conditional
0.7105263157894737,1.013157894736842,405263.1578947368,commit:4,4617166.287073121,commit:4,conditional
0.7105263157894737,1.0394736842105263,415789.4736842105,commit:4,4617166.287073121,commit:4,conditional
0.7105263157894737,1.0657894736842106,426315.7894736843,commit:4,4617166.287073121,commit:4,conditional
0.7105263157894737,1.0921052631578947,436842.10526315786,commit:4,4617166.287073121,commit:4,conditional
0.7105263157894737,1.118421052631579,447368.4210526316,commit:4,4617166.287073121,commit:4,conditional
0.7105263157894737,1.1447368421052633,457894.7368421053,commit:4,4617166.287073121,commit:4,conditional
0.7105263157894737,1.1710526315789473,468421.05263157893,commit:4,4617166.287073121,commit:4,conditional
0.7105263157894737,1.1973684210526314,478947.3684210526,commit:4,4617166.287073121,commit:4,conditional
0.7105263157894737,1.2236842105263157,489473.6842105263,commit:4,4617166.287073121,commit:4,conditional
0.7105263157894737,1.25,500000.0,commit:4,4617166.287073121,commit:4,conditional
0.8026315789473684,0.75,300000.0,commit:5,5502445.500259785,commit:5,conditional
0.8026315789473684,0.7763157894736842,310526.31578947365,commit:5,5502445.500259785,commit:5,conditional
0.8026315789473684,0.8026315789473684,321052.63157894736,commit:5,5502445.500259785,commit:5,conditional
0.8026315789473684,0.8289473684210527,331578.94736842107,commit:5,5502445.500259785,commit:5,conditional
0.8026315789473684,0.8552631578947368,342105.2631578947,commit:5,5502445.500259785,commit:5,conditional
0.8026315789473684,0.881578947368421,352631.5789473684,commit:5,5502445.500259785,commit:5,conditional
0.8026315789473684,0.9078947368421053,363157.89473684214,commit:5,5502445.500259785,commit:5,conditional
0.8026315789473684,0.9342105263157895,373684.2105263158,commit:5,5502445.500259785,commit:5,conditional
0.8026315789473684,0.9605263157894737,384210.5263157895,commit:5,5502445.500259785,commit:5,conditional
0.8026315789473684,0.9868421052631579,394736.84210526315,commit:5,5502445.500259785,commit:5,conditional
0.8026315789473684,1.013157894736842,405263.1578947368,commit:5,5502445.500259785,commit:5,conditional
0.8026315789473684,1.0394736842105263,415789.4736842105,commit:5,5502445.500259785,commit:5,conditional
0.8026315789473684,1.0657894736842106,426315.7894736843,commit:5,5502445.500259785,commit:5,conditional
0.8026315789473684,1.0921052631578947,436842.10526315786,commit:5,5502445.500259785,commit:5,conditional
0.8026315789473684,1.118421052631579,447368.4210526316,commit:5,5502445.500259785,commit:5,conditional
0.8026315789473684,1.1447368421052633,457894.7368421053,commit:5,5502445.500259785,commit:5,conditional
0.8026315789473684,1.1710526315789473,468421.05263157893,commit:5,5502445.500259785,commit:5,conditional
0.8026315789473684,1.1973684210526314,478947.3684210526,commit:5,5502445.500259785,commit:5,conditional
0.8026315789473684,1.2236842105263157,489473.6842105263,commit:5,5502445.500259785,commit:5,conditional
0.8026315789473684,1.25,500000.0,commit:5,5502445.500259785,commit:5,conditional
0.8947368421052632,0.75,300000.0,commit:6,6388852.271013603,commit:6,conditional
0.8947368421052632,0.7763157894736842,310526.31578947365,commit:6,6388852.271013603,commit:6,conditional
0.8947368421052632,0.8026315789473684,321052.63157894736,commit:6,6388852.271013603,commit:6,conditional
0.8947368421052632,0.8289473684210527,331578.94736842107,commit:6,6388852.271013603,commit:6,conditional
0.8947368421052632,0.8552631578947368,342105.2631578947,commit:6,6388852.271013603,commit:6,conditional
0.8947368421052632,0.881578947368421,352631.5789473684,commit:6,6388852.271013603,commit:6,conditional
0.8947368421052632,0.9078947368421053,363157.89473684214,commit:6,6388852.271013603,commit:6,conditional
0.8947368421052632,0.9342105263157895,373684.2105263158,commit:6,6388852.271013603,commit:6,conditional
0.8947368421052632,0.9605263157894737,384210.5263157895,commit:6,6388852.271013603,commit:6,conditional
0.8947368421052632,0.9868421052631579,394736.84210526315,commit:6,6388852.271013603,commit:6,conditional
0.8947368421052632,1.013157894736842,405263.1578947368,commit:6,6388852.271013603,commit:6,conditional
0.8947368421052632,1.0394736842105263,415789.4736842105,commit:6,6388852.271013603,commit:6,conditional
0.8947368421052632,1.0657894736842106,426315.7894736843,commit:6,6388852.271013603,commit:6,conditional
0.8947368421052632,1.0921052631578947,436842.10526315786,commit:6,6388852.271013603,commit:6,conditional
0.8947368421052632,1.118421052631579,447368.4210526316,commit:6,6388852.271013603,commit:6,conditional
0.8947368421052632,1.1447368421052633,457894.7368421053,commit:6,6388852.271013603,commit:6,conditional
0.8947368421052632,1.1710526315789473,468421.05263157893,commit:6,6388852.271013603,commit:6,conditional
0.8947368421052632,1.1973684210526314,478947.3684210526,commit:6,6388852.271013603,commit:6,conditional
0.8947368421052632,1.2236842105263157,489473.6842105263,commit:6,6388852.271013603,commit:6,conditional
0.8947368421052632,1.25,500000.0,commit:6,6388852.271013603,commit:6,conditional
0.9868421052631579,0.75,300000.0,commit:7,7274606.932681018,commit:7,conditional
0.9868421052631579,0.7763157894736842,310526.31578947365,commit:7,7274606.932681018,commit:7,conditional
0.9868421052631579,0.8026315789473684,321052.63157894736,commit:7,7274606.932681018,commit:7,conditional
0.9868421052631579,0.8289473684210527,331578.94736842107,commit:7,7274606.932681018,commit:7,conditional
0.9868421052631579,0.8552631578947368,342105.2631578947,commit:7,7274606.932681018,commit:7,conditional
0.9868421052631579,0.881578947368421,352631.5789473684,commit:7,7274606.932681018,commit:7,conditional
0.9868421052631579,0.9078947368421053,363157.89473684214,commit:7,7274606.932681018,commit:7,conditional
0.9868421052631579,0.9342105263157895,373684.2105263158,commit:7,7274606.932681018,commit:7,conditional
0.9868421052631579,0.9605263157894737,384210.5263157895,commit:7,7274606.932681018,commit:7,conditional
0.9868421052631579,0.9868421052631579,394736.84210526315,commit:7,7274606.932681018,commit:7,conditional
0.9868421052631579,1.013157894736842,405263.1578947368,commit:7,7274606.932681018,commit:7,conditional
0.9868421052631579,1.0394736842105263,415789.4736842105,commit:7,7274606.932681018,commit:7,conditional
0.9868421052631579,1.0657894736842106,426315.7894736843,commit:7,7274606.932681018,commit:7,conditional
0.9868421052631579,1.0921052631578947,436842.10526315786,commit:7,7274606.932681018,commit:7,conditional
0.9868421052631579,1.118421052631579,447368.4210526316,commit:7,7274606.932681018,commit:7,conditional
0.9868421052631579,1.1447368421052633,457894.7368421053,commit:7,7274606.932681018,commit:7,conditional
0.9868421052631579,1.1710526315789473,468421.05263157893,commit:7,7274606.932681018,commit:7,conditional
0.9868421052631579,1.1973684210526314,478947.3684210526,commit:7,7274606.932681018,commit:7,conditional
0.9868421052631579,1.2236842105263157,489473.6842105263,commit:7,7274606.932681018,commit:7,conditional
0.9868421052631579,1.25,500000.0,commit:7,7274606.932681018,commit:7,conditional
1.0789473684210527,0.75,300000.0,commit:8,8160603.87788947,commit:8,conditional
1.0789473684210527,0.7763157894736842,310526.31578947365,commit:8,8160603.87788947,commit:8,conditional
1.0789473684210527,0.8026315789473684,321052.63157894736,commit:8,8160603.87788947,commit:8,conditional
1.0789473684210527,0.8289473684210527,331578.94736842107,commit:8,8160603.87788947,commit:8,conditional
1.0789473684210527,0.8552631578947368,342105.2631578947,commit:8,8160603.87788947,commit:8,conditional
1.0789473684210527,0.881578947368421,352631.5789473684,commit:8,8160603.87788947,commit:8,conditional
1.0789473684210527,0.9078947368421053,363157.89473684214,commit:8,8160603.87788947,commit:8,conditional
1.0789473684210527,0.9342105263157895,373684.2105263158,commit:8,8160603.87788947,commit:8,conditional
1.0789473684210527,0.9605263157894737,384210.5263157895,commit:8,8160603.87788947,commit:8,conditional
1.0789473684210527,0.9868421052631579,394736.84210526315,commit:8,8160603.87788947,commit:8,conditional
1.0789473684210527,1.013157894736842,405263.1578947368,commit:8,8160603.87788947,commit:8,conditional
1.0789473684210527,1.0394736842105263,415789.4736842105,commit:8,8160603.87788947,commit:8,conditional
1.0789473684210527,1.0657894736842106,426315.7894736843,commit:8,8160603.87788947,commit:8,conditional
1.0789473684210527,1.0921052631578947,436842.10526315786,commit:8,8160603.87788947,commit:8,conditional
1.0789473684210527,1.118421052631579,447368.4210526316,commit:8,8160603.87788947,commit:8,conditional
1.0789473684210527,1.1447368421052633,457894.7368421053,commit:8,8160603.87788947,commit:8,conditional
1.0789473684210527,1.1710526315789473,468421.05263157893,commit:8,8160603.87788947,commit:8,conditional
1.0789473684210527,1.1973684210526314,478947.3684210526,commit:8,8160603.87788947,commit:8,conditional
1.0789473684210527,1.2236842105263157,489473.6842105263,commit:8,8160603.87788947,commit:8,conditional
1.0789473684210527,1.25,500000.0,commit:8,8160603.87788947,commit:8,conditional
1.1710526315789473,0.75,300000.0,commit:9,9045765.565316947,commit:9,conditional
1.1710526315789473,0.7763157894736842,310526.31578947365,commit:9,9045765.565316947,commit:9,conditional
1.1710526315789473,0.8026315789473684,321052.63157894736,commit:9,9045765.565316947,commit:9,conditional
1.1710526315789473,0.8289473684210527,331578.94736842107,commit:9,9045765.565316947,commit:9,conditional
1.1710526315789473,0.8552631578947368,342105.2631578947,commit:9,9045765.565316947,commit:9,conditional
1.1710526315789473,0.881578947368421,352631.5789473684,commit:9,9045765.565316947,commit:9,conditional
1.1710526315789473,0.9078947368421053,363157.89473684214,commit:9,9045765.565316947,commit:9,conditional
1.1710526315789473,0.9342105263157895,373684.2105263158,commit:9,9045765.565316947,commit:9,conditional
1.1710526315789473,0.9605263157894737,384210.5263157895,commit:9,9045765.565316947,commit:9,conditional
1.1710526315789473,0.9868421052631579,394736.84210526315,commit:9,9045765.565316947,commit:9,conditional
1.1710526315789473,1.013157894736842,405263.1578947368,commit:9,9045765.565316947,commit:9,conditional
1.1710526315789473,1.0394736842105263,415789.4736842105,commit:9,9045765.565316947,commit:9,conditional
1.1710526315789473,1.0657894736842106,426315.7894736843,commit:9,9045765.565316947,commit:9,conditional
1.1710526315789473,1.0921052631578947,436842.10526315786,commit:9,9045765.565316947,commit:9,conditional
1.1710526315789473,1.118421052631579,447368.4210526316,commit:9,9045765.565316947,commit:9,conditional
1.1710526315789473,1.1447368421052633,457894.7368421053,commit:9,9045765.565316947,commit:9,conditional
1.1710526315789473,1.1710526315789473,468421.05263157893,commit:9,9045765.565316947,commit:9,conditional
1.1710526315789473,1.1973684210526314,478947.3684210526,commit:9,9045765.565316947,commit:9,conditional
1.1710526315789473,1.2236842105263157,489473.6842105263,commit:9,9045765.565316947,commit:9,conditional
1.1710526315789473,1.25,500000.0,commit:9,9045765.565316947,commit:9,conditional
1.263157894736842,0.75,300000.0,commit:10,9931047.32638503,commit:10,conditional
1.263157894736842,0.7763157894736842,310526.31578947365,commit:10,9931047.32638503,commit:10,conditional
1.263157894736842,0.8026315789473684,321052.63157894736,commit:10,9931047.32638503,commit:10,conditional
1.263157894736842,0.8289473684210527,331578.94736842107,commit:10,9931047.32638503,commit:10,conditional
1.263157894736842,0.8552631578947368,342105.2631578947,commit:10,9931047.32638503,commit:10,conditional
1.263157894736842,0.881578947368421,352631.5789473684,commit:10,9931047.32638503,commit:10,conditional
1.263157894736842,0.9078947368421053,363157.89473684214,commit:10,9931047.32638503,commit:10,conditional
1.263157894736842,0.9342105263157895,373684.2105263158,commit:10,9931047.32638503,commit:10,conditional
1.263157894736842,0.9605263157894737,384210.5263157895,commit:10,9931047.32638503,commit:10,conditional
1.263157894736842,0.9868421052631579,394736.84210526315,commit:10,9931047.32638503,commit:10,conditional
1.263157894736842,1.013157894736842,405263.1578947368,commit:10,9931047.32638503,commit:10,conditional
1.263157894736842,1.0394736842105263,415789.4736842105,commit:10,9931047.32638503,commit:10,conditional
1.263157894736842,1.0657894736842106,426315.7894736843,commit:10,9931047.32638503,commit:10,conditional
1.263157894736842,1.0921052631578947,436842.10526315786,commit:10,9931047.32638503,commit:10,conditional
1.263157894736842,1.118421052631579,447368.4210526316,commit:10,9931047.32638503,commit:10,conditional
1.263157894736842,1.1447368421052633,457894.7368421053,commit:10,9931047.32638503,commit:10,conditional
1.263157894736842,1.1710526315789473,468421.05263157893,commit:10,9931047.32638503,commit:10,conditional
1.263157894736842,1.1973684210526314,478947.3684210526,commit:10,9931047.32638503,commit:10,conditional
1.263157894736842,1.2236842105263157,489473.6842105263,commit:10,9931047.32638503,commit:10,conditional
1.263157894736842,1.25,500000.0,commit:10,9931047.32638503,commit:10,conditional
1.3552631578947367,0.75,300000.0,commit:11,10817123.771652944,commit:11,conditional
1.3552631578947367,0.7763157894736842,310526.31578947365,commit:11,10817123.771652944,commit:11,conditional
1.3552631578947367,0.8026315789473684,321052.63157894736,commit:11,10817123.771652944,commit:11,conditional
1.3552631578947367,0.8289473684210527,331578.94736842107,commit:11,10817123.771652944,commit:11,conditional
1.3552631578947367,0.8552631578947368,342105.2631578947,commit:11,10817123.771652944,commit:11,conditional
1.3552631578947367,0.881578947368421,352631.5789473684,commit:11,10817123.771652944,commit:11,conditional
1.3552631578947367,0.9078947368421053,363157.89473684214,commit:11,10817123.771652944,commit:11,conditional
1.3552631578947367,0.9342105263157895,373684.2105263158,commit:11,10817123.771652944,commit:11,conditional
1.3552631578947367,0.9605263157894737,384210.5263157895,commit:11,10817123.771652944,commit:11,conditional
1.3552631578947367,0.9868421052631579,394736.84210526315,commit:11,10817123.771652944,commit:11,conditional
1.3552631578947367,1.013157894736842,405263.1578947368,commit:11,10817123.771652944,commit:11,conditional
1.3552631578947367,1.0394736842105263,415789.4736842105,commit:11,10817123.771652944,commit:11,conditional
1.3552631578947367,1.0657894736842106,426315.7894736843,commit:11,10817123.771652944,commit:11,conditional
1.3552631578947367,1.0921052631578947,436842.10526315786,commit:11,10817123.771652944,commit:11,conditional
1.3552631578947367,1.118421052631579,447368.4210526316,commit:11,10817123.771652944,commit:11,conditional
1.3552631578947367,1.1447368421052633,457894.7368421053,commit:11,10817123.771652944,commit:11,conditional
1.3552631578947367,1.1710526315789473,468421.05263157893,commit:11,10817123.771652944,commit:11,conditional
1.3552631578947367,1.1973684210526314,478947.3684210526,commit:11,10817123.771652944,commit:11,conditional
1.3552631578947367,1.2236842105263157,489473.6842105263,commit:11,10817123.771652944,commit:11,conditional
1.3552631578947367,1.25,500000.0,commit:11,10817123.771652944,commit:11,conditional
1.4473684210526314,0.75,300000.0,commit:12,11703163.878934031,commit:12,conditional
1.4473684210526314,0.7763157894736842,310526.31578947365,commit:12,11703163.878934031,commit:12,conditional
1.4473684210526314,0.8026315789473684,321052.63157894736,commit:12,11703163.878934031,commit:12,conditional
1.4473684210526314,0.8289473684210527,331578.94736842107,commit:12,11703163.878934031,commit:12,conditional
1.4473684210526314,0.8552631578947368,342105.2631578947,commit:12,11703163.878934031,commit:12,conditional
1.4473684210526314,0.881578947368421,352631.5789473684,commit:12,11703163.878934031,commit:12,conditional
1.4473684210526314,0.9078947368421053,363157.89473684214,commit:12,11703163.878934031,commit:12,conditional
1.4473684210526314,0.9342105263157895,373684.2105263158,commit:12,11703163.878934031,commit:12,conditional
1.4473684210526314,0.9605263157894737,384210.5263157895,commit:12,11703163.878934031,commit:12,conditional
1.4473684210526314,0.9868421052631579,394736.84210526315,commit:12,11703163.878934031,commit:12,conditional
1.4473684210526314,1.013157894736842,405263.1578947368,commit:12,11703163.878934031,commit:12,conditional
1.4473684210526314,1.0394736842105263,415789.4736842105,commit:12,11703163.878934031,commit:12,conditional
1.4473684210526314,1.0657894736842106,426315.7894736843,commit:12,11703163.878934031,commit:12,conditional
1.4473684210526314,1.0921052631578947,436842.10526315786,commit:12,11703163.878934031,commit:12,conditional
1.4473684210526314,1.118421052631579,447368.4210526316,commit:12,11703163.878934031,commit:12,conditional
1.4473684210526314,1.1447368421052633,457894.7368421053,commit:12,11703163.878934031,commit:12,conditional
1.4473684210526314,1.1710526315789473,468421.05263157893,commit:12,11703163.878934031,commit:12,conditional
1.4473684210526314,1.1973684210526314,478947.3684210526,commit:12,11703163.878934031,commit:12,conditional
1.4473684210526314,1.2236842105263157,489473.6842105263,commit:12,11703163.878934031,commit:12,conditional
1.4473684210526314,1.25,500000.0,commit:12,11703163.878934031,commit:12,conditional
1.5394736842105263,0.75,300000.0,commit:13,12588617.257999323,commit:13,conditional
1.5394736842105263,0.7763157894736842,310526.31578947365,commit:13,12588617.257999323,commit:13,conditional
1.5394736842105263,0.8026315789473684,321052.63157894736,commit:13,12588617.257999323,commit:13,conditional
1.5394736842105263,0.8289473684210527,331578.94736842107,commit:13,12588617.257999323,commit:13,conditional
1.5394736842105263,0.8552631578947368,342105.2631578947,commit:13,12588617.257999323,commit:13,conditional
1.5394736842105263,0.881578947368421,352631.5789473684,commit:13,12588617.257999323,commit:13,conditional
1.5394736842105263,0.9078947368421053,363157.89473684214,commit:13,12588617.257999323,commit:13,conditional
1.5394736842105263,0.9342105263157895,373684.2105263158,commit:13,12588617.257999323,commit:13,conditional
1.5394736842105263,0.9605263157894737,384210.5263157895,commit:13,12588617.257999323,commit:13,conditional
1.5394736842105263,0.9868421052631579,394736.84210526315,commit:13,12588617.257999323,commit:13,conditional
1.5394736842105263,1.013157894736842,405263.1578947368,commit:13,12588617.257999323,commit:13,conditional
1.5394736842105263,1.0394736842105263,415789.4736842105,commit:13,12588617.257999323,commit:13,conditional
1.5394736842105263,1.0657894736842106,426315.7894736843,commit:13,12588617.257999323,commit:13,conditional
1.5394736842105263,1.0921052631578947,436842.10526315786,commit:13,12588617.257999323,commit:13,conditional
1.5394736842105263,1.118421052631579,447368.4210526316,commit:13,12588617.257999323,commit:13,conditional
1.5394736842105263,1.1447368421052633,457894.7368421053,commit:13,12588617.257999323,commit:13,conditional
1.5394736842105263,1.1710526315789473,468421.05263157893,commit:13,12588617.257999323,commit:13,conditional
1.5394736842105263,1.1973684210526314,478947.3684210526,commit:13,12588617.257999323,commit:13,conditional
1.5394736842105263,1.2236842105263157,489473.6842105263,commit:13,12588617.257999323,commit:13,conditional
1.5394736842105263,1.25,500000.0,commit:13,12588617.257999323,commit:13,conditional
1.631578947368421,0.75,300000.0,commit:14,13474160.88712858,commit:14,conditional
1.631578947368421,0.7763157894736842,310526.31578947365,commit:14,13474160.88712858,commit:14,conditional
1.631578947368421,0.8026315789473684,321052.63157894736,commit:14,13474160.88712858,commit:14,conditional
1.631578947368421,0.8289473684210527,331578.94736842107,commit:14,13474160.88712858,commit:14,conditional
1.631578947368421,0.8552631578947368,342105.2631578947,commit:14,13474160.88712858,commit:14,conditional
1.631578947368421,0.881578947368421,352631.5789473684,commit:14,13474160.88712858,commit:14,conditional
1.631578947368421,0.9078947368421053,363157.89473684214,commit:14,13474160.88712858,commit:14,conditional
1.631578947368421,0.9342105263157895,373684.2105263158,commit:14,13474160.88712858,commit:14,conditional
1.631578947368421,0.9605263157894737,384210.5263157895,commit:14,13474160.88712858,commit:14,conditional
1.631578947368421,0.9868421052631579,394736.84210526315,commit:14,13474160.88712858,commit:14,conditional
1.631578947368421,1.013157894736842,405263.1578947368,commit:14,13474160.88712858,commit:14,conditional
1.631578947368421,1.0394736842105263,415789.4736842105,commit:14,13474160.88712858,commit:14,conditional
1.631578947368421,1.0657894736842106,426315.7894736843,commit:14,13474160.88712858,commit:14,conditional
1.631578947368421,1.0921052631578947,436842.10526315786,commit:14,13474160.88712858,commit:14,conditional
1.631578947368421,1.118421052631579,447368.4210526316,commit:14,13474160.88712858,commit:14,conditional
1.631578947368421,1.1447368421052633,457894.7368421053,commit:14,13474160.88712858,commit:14,conditional
1.631578947368421,1.1710526315789473,468421.05263157893,commit:14,13474160.88712858,commit:14,conditional
1.631578947368421,1.1973684210526314,478947.3684210526,commit:14,13474160.88712858,commit:14,conditional
1.631578947368421,1.2236842105263157,489473.6842105263,commit:14,13474160.88712858,commit:14,conditional
1.631578947368421,1.25,500000.0,commit:14,13474160.88712858,commit:14,conditional
1.7236842105263157,0.75,300000.0,commit:15,14360321.375929756,commit:15,conditional
1.7236842105263157,0.7763157894736842,310526.31578947365,commit:15,14360321.375929756,commit:15,conditional
1.7236842105263157,0.8026315789473684,321052.63157894736,commit:15,14360321.375929756,commit:15,conditional
1.7236842105263157,0.8289473684210527,331578.94736842107,commit:15,14360321.375929756,commit:15,conditional
1.7236842105263157,0.8552631578947368,342105.2631578947,commit:15,14360321.375929756,commit:15,conditional
1.7236842105263157,0.881578947368421,352631.5789473684,commit:15,14360321.375929756,commit:15,conditional
1.7236842105263157,0.9078947368421053,363157.89473684214,commit:15,14360321.375929756,commit:15,conditional
1.7236842105263157,0.9342105263157895,373684.2105263158,commit:15,14360321.375929756,commit:15,conditional
1.7236842105263157,0.9605263157894737,384210.5263157895,commit:15,14360321.375929756,commit:15,conditional
1.7236842105263157,0.9868421052631579,394736.84210526315,commit:15,14360321.375929756,commit:15,conditional
1.7236842105263157,1.013157894736842,405263.1578947368,commit:15,14360321.375929756,commit:15,conditional
1.7236842105263157,1.0394736842105263,415789.4736842105,commit:15,14360321.375929756,commit:15,conditional
1.7236842105263157,1.0657894736842106,426315.7894736843,commit:15,14360321.375929756,commit:15,conditional
1.7236842105263157,1.0921052631578947,436842.10526315786,commit:15,14360321.375929756,commit:15,conditional
1.7236842105263157,1.118421052631579,447368.4210526316,commit:15,14360321.375929756,commit:15,conditional
1.7236842105263157,1.1447368421052633,457894.7368421053,commit:15,14360321.375929756,commit:15,conditional
1.7236842105263157,1.1710526315789473,468421.05263157893,commit:15,14360321.375929756,commit:15,conditional
1.7236842105263157,1.1973684210526314,478947.3684210526,commit:15,14360321.375929756,commit:15,conditional
1.7236842105263157,1.2236842105263157,489473.6842105263,commit:15,14360321.375929756,commit:15,conditional
1.7236842105263157,1.25,500000.0,commit:15,14360321.375929756,commit:15,conditional
1.8157894736842104,0.75,300000.0,commit:16,15246092.009199705,commit:16,conditional
1.8157894736842104,0.7763157894736842,310526.31578947365,commit:16,15246092.009199705,commit:16,conditional
1.8157894736842104,0.8026315789473684,321052.63157894736,commit:16,15246092.009199705,commit:16,conditional
1.8157894736842104,0.8289473684210527,331578.94736842107,commit:16,15246092.009199705,commit:16,conditional
1.8157894736842104,0.8552631578947368,342105.2631578947,commit:16,15246092.009199705,commit:16,conditional
1.8157894736842104,0.881578947368421,352631.5789473684,commit:16,15246092.009199705,commit:16,conditional
1.8157894736842104,0.9078947368421053,363157.89473684214,commit:16,15246092.009199705,commit:16,conditional
1.8157894736842104,0.9342105263157895,373684.2105263158,commit:16,15246092.009199705,commit:16,conditional
1.8157894736842104,0.9605263157894737,384210.5263157895,commit:16,15246092.009199705,commit:16,conditional
1.8157894736842104,0.9868421052631579,394736.84210526315,commit:16,15246092.009199705,commit:16,conditional
1.8157894736842104,1.013157894736842,405263.1578947368,commit:16,15246092.009199705,commit:16,conditional
1.8157894736842104,1.0394736842105263,415789.4736842105,commit:16,15246092.009199705,commit:16,conditional
1.8157894736842104,1.0657894736842106,426315.7894736843,commit:16,15246092.009199705,commit:16,conditional
1.8157894736842104,1.0921052631578947,436842.10526315786,commit:16,15246092.009199705,commit:16,conditional
1.8157894736842104,1.118421052631579,447368.4210526316,commit:16,15246092.009199705,commit:16,conditional
1.8157894736842104,1.1447368421052633,457894.7368421053,commit:16,15246092.009199705,commit:16,conditional
1.8157894736842104,1.1710526315789473,468421.05263157893,commit:16,15246092.009199705,commit:16,conditional
1.8157894736842104,1.1973684210526314,478947.3684210526,commit:16,15246092.009199705,commit:16,conditional
1.8157894736842104,1.2236842105263157,489473.6842105263,commit:16,15246092.009199705,commit:16,conditional
1.8157894736842104,1.25,500000.0,commit:16,15246092.009199705,commit:16,conditional
1.907894736842105,0.75,300000.0,commit:17,16132741.634176264,commit:17,conditional
1.907894736842105,0.7763157894736842,310526.31578947365,commit:17,16132741.634176264,commit:17,conditional
1.907894736842105,0.8026315789473684,321052.63157894736,commit:17,16132741.634176264,commit:17,conditional
1.907894736842105,0.8289473684210527,331578.94736842107,commit:17,16132741.634176264,commit:17,conditional
1.907894736842105,0.8552631578947368,342105.2631578947,commit:17,16132741.634176264,commit:17,conditional
1.907894736842105,0.881578947368421,352631.5789473684,commit:17,16132741.634176264,commit:17,conditional
1.907894736842105,0.9078947368421053,363157.89473684214,commit:17,16132741.634176264,commit:17,conditional
1.907894736842105,0.9342105263157895,373684.2105263158,commit:17,16132741.634176264,commit:17,conditional
1.907894736842105,0.9605263157894737,384210.5263157895,commit:17,16132741.634176264,commit:17,conditional
1.907894736842105,0.9868421052631579,394736.84210526315,commit:17,16132741.634176264,commit:17,conditional
1.907894736842105,1.013157894736842,405263.1578947368,commit:17,16132741.634176264,commit:17,conditional
1.907894736842105,1.0394736842105263,415789.4736842105,commit:17,16132741.634176264,commit:17,conditional
1.907894736842105,1.0657894736842106,426315.7894736843,commit:17,16132741.634176264,commit:17,conditional
1.907894736842105,1.0921052631578947,436842.10526315786,commit:17,16132741.634176264,commit:17,conditional
1.907894736842105,1.118421052631579,447368.4210526316,commit:17,16132741.634176264,commit:17,conditional
1.907894736842105,1.1447368421052633,457894.7368421053,commit:17,16132741.634176264,commit:17,conditional
1.907894736842105,1.1710526315789473,468421.05263157893,commit:17,16132741.634176264,commit:17,conditional
1.907894736842105,1.1973684210526314,478947.3684210526,commit:17,16132741.634176264,commit:17,conditional
1.907894736842105,1.2236842105263157,489473.6842105263,commit:17,16132741.634176264,commit:17,conditional
1.907894736842105,1.25,500000.0,commit:17,16132741.634176264,commit:17,conditional
2.0,0.75,300000.0,commit:18,17018248.99408003,commit:18,conditional
2.0,0.7763157894736842,310526.31578947365,commit:18,17018248.99408003,commit:18,conditional
2.0,0.8026315789473684,321052.63157894736,commit:18,17018248.99408003,commit:18,conditional
2.0,0.8289473684210527,331578.94736842107,commit:18,17018248.99408003,commit:18,conditional
2.0,0.8552631578947368,342105.2631578947,commit:18,17018248.99408003,commit:18,conditional
2.0,0.881578947368421,352631.5789473684,commit:18,17018248.99408003,commit:18,conditional
2.0,0.9078947368421053,363157.89473684214,commit:18,17018248.99408003,commit:18,conditional
2.0,0.9342105263157895,373684.2105263158,commit:18,17018248.99408003,commit:18,conditional
2.0,0.9605263157894737,384210.5263157895,commit:18,17018248.99408003,commit:18,conditional
2.0,0.9868421052631579,394736.84210526315,commit:18,17018248.99408003,commit:18,conditional
2.0,1.013157894736842,405263.1578947368,commit:18,17018248.99408003,commit:18,conditional
2.0,1.0394736842105263,415789.4736842105,commit:18,17018248.99408003,commit:18,conditional
2.0,1.0657894736842106,426315.7894736843,commit:18,17018248.99408003,commit:18,conditional
2.0,1.0921052631578947,436842.10526315786,commit:18,17018248.99408003,commit:18,conditional
2.0,1.118421052631579,447368.4210526316,commit:18,17018248.99408003,commit:18,conditional
2.0,1.1447368421052633,457894.7368421053,commit:18,17018248.99408003,commit:18,conditional
2.0,1.1710526315789473,468421.05263157893,commit:18,17018248.99408003,commit:18,conditional
2.0,1.1973684210526314,478947.3684210526,commit:18,17018248.99408003,commit:18,conditional
2.0,1.2236842105263157,489473.6842105263,commit:18,17018248.99408003,commit:18,conditional
2.0,1.25,500000.0,commit:18,17018248.99408003,commit:18,conditional
