policy_id,family,nodes,configuration_id,status,pv_cost_usd,tco_usd,upfront_usd,obligation_usd,delivered_tokens,unmet_tokens,service_fraction,execution_utilization,available_utilization,unused_paid_share,unused_commitment_usd,levelized_usd_million_tokens,undiscounted_usd_million_tokens,effective_gpu_hours,billed_rental_gpu_hours,owned_calendar_gpu_hours,effective_gpu_hour_cost_usd
on_demand:0,on_demand,0,cw-b200-8,conditional,9394473.930125067,10890902.4,0.0,0.0,35705517267425.984,0.0,1.0,,,,,0.3050203980240655,0.30502015468448995,1238977.7004048536,1266384.0,0.0,8.790232783399768
commit:1,commit,1,cw-b200-8,conditional,8736753.10498076,10131627.2,0.0,1052160.0,35705517267425.984,0.0,1.0,0.98,1.0,0.020000000000000018,21043.20000000002,0.2836654749739398,0.28375522819390847,1238977.7004048536,1055752.0,0.0,8.177408840118225
commit:2,commit,2,cw-b200-8,conditional,8079403.930899309,9372971.199999997,0.0,2104320.0,35705517267425.984,0.0,1.0,0.98,1.0,0.020000000000000018,42086.40000000004,0.2623226187149895,0.2625076435610394,1238977.7004048536,845192.0,0.0,7.565084663700764
commit:3,commit,3,cw-b200-8,conditional,7420758.600199193,8612732.8,0.0,3156480.0,35705517267425.984,0.0,1.0,0.98,1.0,0.020000000000000018,63129.60000000006,0.2409376787576153,0.24121574084734984,1238977.7004048536,634448.0,0.0,6.951483305297317
commit:4,commit,4,cw-b200-8,conditional,6762985.242470268,7853251.199999999,0.0,4208640.0,35705517267425.984,0.0,1.0,0.98,1.0,0.020000000000000018,84172.80000000008,0.21958105007607384,0.21994503373753085,1238977.7004048536,423792.0,0.0,6.33849277306108
commit:5,commit,5,cw-b200-8,conditional,6253395.756045578,7249876.8,0.0,5260800.0,35705517267425.984,0.0,1.0,0.9629183498310964,0.9825697447256087,0.037081650168903635,195079.14520856825,0.20303566508333815,0.20304640164432058,1238977.7004048536,231288.0,0.0,5.851499020225303
commit:6,commit,6,cw-b200-8,conditional,6717951.90820487,7770281.6,0.0,6312960.0,35705517267425.984,0.0,1.0,0.8501979781300971,0.8675489572756093,0.14980202186990288,945694.1719838221,0.21811890481449242,0.2176213144260705,1238977.7004048536,169456.0,0.0,6.27152659604846
commit:7,commit,7,cw-b200-8,conditional,7315434.259792998,8460003.2,0.0,7365120.0,35705517267425.984,0.0,1.0,0.7567411241115118,0.7721848205219508,0.24325887588848816,1791630.811983822,0.23751800113955288,0.23693826185562727,1238977.7004048536,127312.0,0.0,6.828212644372512
commit:8,commit,8,cw-b200-8,conditional,7911884.27704316,9148555.2,0.0,8417280.0,35705517267425.984,0.0,1.0,0.6866484835975729,0.7006617179567071,0.3133515164024271,2637567.4519838216,0.2568835795653672,0.2562224524428384,1238977.7004048536,85032.0,0.0,7.383954688619964
commit:9,commit,9,cw-b200-8,conditional,8509367.967630938,9838276.8,0.0,9469440.0,35705517267425.984,0.0,1.0,0.6321319854200648,0.6450326381837396,0.36786801457993523,3483504.0919838217,0.2762827193651564,0.27553939987239523,1238977.7004048536,42888.0,0.0,7.940640736944018
commit:10,commit,10,cw-b200-8,conditional,9180988.106361335,10605948.799999999,0.0,10521600.0,35705517267425.984,0.0,1.0,0.5842483743358324,0.5961718105467678,0.41575162566416757,4374372.3045881055,0.2980889262438206,0.2970394945006375,1238977.7004048536,9808.0,0.0,8.560241880490953
commit:11,commit,11,cw-b200-8,conditional,10026224.940005973,11573760.0,0.0,11573760.0,35705517267425.984,0.0,1.0,0.5352528911973523,0.546176419589135,0.4647471088026477,5378871.497975731,0.32553213140256393,0.32414486291614936,1238977.7004048536,0.0,0.0,9.3413787804398
commit:12,commit,12,cw-b200-8,conditional,10937699.93455197,12625920.0,0.0,12625920.0,35705517267425.984,0.0,1.0,0.4906484835975729,0.5006617179567071,0.5093515164024272,6431031.497975733,0.3551259615300697,0.3536125777267084,1238977.7004048536,0.0,0.0,10.190595033207055
commit:13,commit,13,cw-b200-8,conditional,11849174.929097967,13678080.0,0.0,13678080.0,35705517267425.984,0.0,1.0,0.45290629255160575,0.4621492781138834,0.5470937074483943,7483191.497975732,0.3847197916575755,0.38308029253726744,1238977.7004048536,0.0,0.0,11.03981128597431
commit:14,commit,14,cw-b200-8,conditional,12760649.923643965,14730240.0,0.0,14730240.0,35705517267425.984,0.0,1.0,0.4205558430836339,0.4291386153914632,0.5794441569163661,8535351.497975733,0.41431362178508135,0.4125480073478265,1238977.7004048536,0.0,0.0,11.889027538741566
commit:15,commit,15,cw-b200-8,conditional,13672124.918189963,15782400.0,0.0,15782400.0,35705517267425.984,0.0,1.0,0.39251878687805836,0.4005293743653657,0.6074812131219416,9587511.497975731,0.4439074519125872,0.4420157221583855,1238977.7004048536,0.0,0.0,12.73824379150882
commit:16,commit,16,cw-b200-8,conditional,14583599.912735961,16834560.0,0.0,16834560.0,35705517267425.984,0.0,1.0,0.3679863626981797,0.3754962884675303,0.6320136373018204,10639671.497975733,0.473501282040093,0.4714834369689445,1238977.7004048536,0.0,0.0,13.587460044276074
commit:17,commit,17,cw-b200-8,conditional,15495074.907281958,17886720.0,0.0,17886720.0,35705517267425.984,0.0,1.0,0.346340106068875,0.353408271498852,0.653659893931125,11691831.497975733,0.5030951121675987,0.5009511517795036,1238977.7004048536,0.0,0.0,14.436676297043329
commit:18,commit,18,cw-b200-8,conditional,16406549.901827956,18938880.0,0.0,18938880.0,35705517267425.984,0.0,1.0,0.3270989890650486,0.3337744786378047,0.6729010109349514,12743991.497975731,0.5326889422951046,0.5304188665900627,1238977.7004048536,0.0,0.0,15.285892549810583
commit:19,commit,19,cw-b200-8,conditional,17318024.89637395,19991040.0,0.0,19991040.0,35705517267425.984,0.0,1.0,0.3098832527984671,0.31620740081476234,0.6901167472015328,13796151.497975731,0.5622827724226103,0.5598865814006216,1238977.7004048536,0.0,0.0,16.13510880257784
commit:20,commit,20,cw-b200-8,conditional,18229499.890919946,21043200.0,0.0,21043200.0,35705517267425.984,0.0,1.0,0.29438909015854375,0.30039703077402424,0.7056109098414562,14848311.497975731,0.5918766025501161,0.5893542962111806,1238977.7004048536,0.0,0.0,16.984325055345092
commit:21,commit,21,cw-b200-8,conditional,19140974.88546595,22095360.0,0.0,22095360.0,35705517267425.984,0.0,1.0,0.28037056205575595,0.2860924102609755,0.719629437944244,15900471.497975733,0.621470432677622,0.6188220110217397,1238977.7004048536,0.0,0.0,17.83354130811235
commit:22,commit,22,cw-b200-8,conditional,20052449.880011946,23147520.0,0.0,23147520.0,35705517267425.984,0.0,1.0,0.26762644559867615,0.2730882097945675,0.7323735544013239,16952631.497975733,0.6510642628051279,0.6482897258322987,1238977.7004048536,0.0,0.0,18.6827575608796
commit:23,commit,23,cw-b200-8,conditional,20963924.874557942,24199680.0,0.0,24199680.0,35705517267425.984,0.0,1.0,0.2559905131813424,0.2612148093687167,0.7440094868186575,18004791.49797573,0.6806580929326336,0.6777574406428578,1238977.7004048536,0.0,0.0,19.531973813646857
commit:24,commit,24,cw-b200-8,conditional,21875399.86910394,25251840.0,0.0,25251840.0,35705517267425.984,0.0,1.0,0.24532424179878645,0.25033085897835355,0.7546757582012136,19056951.497975733,0.7102519230601394,0.7072251554534168,1238977.7004048536,0.0,0.0,20.38119006641411
commit:25,commit,25,cw-b200-8,conditional,22786874.86364994,26304000.0,0.0,26304000.0,35705517267425.984,0.0,1.0,0.235511272126835,0.24031762461921938,0.764488727873165,20109111.497975733,0.7398457531876452,0.7366928702639759,1238977.7004048536,0.0,0.0,21.230406319181366
commit:26,commit,26,cw-b200-8,conditional,23698349.858195934,27356160.0,0.0,27356160.0,35705517267425.984,0.0,1.0,0.22645314627580287,0.2310746390569417,0.7735468537241972,21161271.497975733,0.769439583315151,0.7661605850745349,1238977.7004048536,0.0,0.0,22.07962257194862
commit:27,commit,27,cw-b200-8,conditional,24609824.852741934,28408320.0,0.0,28408320.0,35705517267425.984,0.0,1.0,0.2180659927100324,0.2225163190918698,0.7819340072899676,22213431.497975733,0.7990334134426569,0.7956282998850939,1238977.7004048536,0.0,0.0,22.928838824715875
commit:28,commit,28,cw-b200-8,conditional,25521299.84728793,29460480.0,0.0,29460480.0,35705517267425.984,0.0,1.0,0.21027792154181696,0.2145693076957316,0.7897220784581831,23265591.497975733,0.8286272435701627,0.825096014695653,1238977.7004048536,0.0,0.0,23.77805507748313
commit:29,commit,29,cw-b200-8,conditional,26432774.841833927,30512640.0,0.0,30512640.0,35705517267425.984,0.0,1.0,0.20302695873003018,0.2071703660510512,0.7969730412699698,24317751.497975733,0.8582210736976684,0.854563729506212,1238977.7004048536,0.0,0.0,24.627271330250384
commit:30,commit,30,cw-b200-8,conditional,27344249.836379927,31564800.0,0.0,31564800.0,35705517267425.984,0.0,1.0,0.19625939343902918,0.20026468718268284,0.8037406065609708,25369911.49797573,0.8878149038251744,0.884031444316771,1238977.7004048536,0.0,0.0,25.47648758301764
commit:31,commit,31,cw-b200-8,conditional,28255724.830925923,32616960.0,0.0,32616960.0,35705517267425.984,0.0,1.0,0.1899284452635766,0.19380453598324143,0.8100715547364234,26422071.497975733,0.9174087339526801,0.91349915912733,1238977.7004048536,0.0,0.0,26.325703835784893
commit:32,commit,32,cw-b200-8,conditional,29167199.825471923,33669120.0,0.0,33669120.0,35705517267425.984,0.0,1.0,0.18399318134908985,0.18774814423376515,0.8160068186509102,27474231.497975733,0.947002564080186,0.942966873937889,1238977.7004048536,0.0,0.0,27.17492008855215
own:1,own,1,cw-b200-8,conditional,8376074.369548894,9645821.120000001,450000.0,0.0,35705517267425.984,0.0,1.0,0.98,1.0,0.020000000000000018,,0.2719549340475912,0.27014931747816606,1238977.7004048536,1055752.0,210432.0,7.785306480373369
own:2,own,2,cw-b200-8,conditional,7245673.543151142,8279359.04,850000.0,0.0,35705517267425.984,0.0,1.0,0.98,1.0,0.020000000000000018,,0.2352530055991097,0.2318789832391878,1238977.7004048536,845192.0,420864.0,6.682411666727013
own:3,own,3,cw-b200-8,conditional,6113976.560134725,6911314.56,1250000.0,0.0,35705517267425.984,0.0,1.0,0.98,1.0,0.020000000000000018,,0.1985089934522043,0.19356433091938896,1238977.7004048536,634448.0,631296.0,5.578239671094669
own:4,own,4,cw-b200-8,conditional,4983151.550089498,5544026.88,1650000.0,0.0,35705517267425.984,0.0,1.0,0.98,1.0,0.020000000000000018,,0.16179329258113156,0.15527087420346086,1238977.7004048536,423792.0,841728.0,4.474678501629537
own:5,own,5,cw-b200-8,conditional,3998376.6126912786,4330599.821369787,2050000.0,0.0,35705517267425.984,0.0,1.0,0.9629183498310964,0.9825697447256087,0.037081650168903635,,0.12981955508358867,0.12128657285468253,1238977.7004048536,231288.0,1052160.0,3.495300859696427
own:6,own,6,cw-b200-8,conditional,3973887.052616378,4224959.245700405,2450000.0,0.0,35705517267425.984,0.0,1.0,0.8501979781300971,0.8675489572756093,0.14980202186990288,,0.12902442643487028,0.11832791033543771,1238977.7004048536,169456.0,1262592.0,3.4100365521670324
own:7,own,7,cw-b200-8,conditional,4080452.8419951038,4286252.4297004035,2850000.0,0.0,35705517267425.984,0.0,1.0,0.7567411241115118,0.7721848205219508,0.24325887588848816,,0.1324844114999004,0.12004454094859833,1238977.7004048536,127312.0,1473024.0,3.4595073247079506
own:8,own,8,cw-b200-8,conditional,4185986.2970358613,4346376.013700405,3250000.0,0.0,35705517267425.984,0.0,1.0,0.6866484835975729,0.7006617179567071,0.3133515164024271,,0.13591087866568433,0.12172841471941337,1238977.7004048536,85032.0,1683456.0,3.50803409317227
own:9,own,9,cw-b200-8,conditional,4292553.425414234,4407669.197700404,3650000.0,0.0,35705517267425.984,0.0,1.0,0.6321319854200648,0.6450326381837396,0.36786801457993523,,0.13937090720544318,0.12344504533257397,1238977.7004048536,42888.0,1893888.0,3.5575048657131885
own:10,own,10,cw-b200-8,conditional,4472190.102606616,4545789.492385298,4050000.0,0.0,35705517267425.984,0.0,1.0,0.5842483743358324,0.5961718105467678,0.41575162566416757,,0.145203362666439,0.12731336331969081,1238977.7004048536,9808.0,2104320.0,3.6689841075427725
own:11,own,11,cw-b200-8,conditional,4822979.571556179,4881208.212550607,4450000.0,0.0,35705517267425.984,0.0,1.0,0.5352528911973523,0.546176419589135,0.4647471088026477,,0.156592818237606,0.13670739387393543,1238977.7004048536,0.0,2314752.0,3.939706268285218
own:12,own,12,cw-b200-8,conditional,5239071.776419499,5299784.212550607,4850000.0,0.0,35705517267425.984,0.0,1.0,0.4906484835975729,0.5006617179567071,0.5093515164024272,,0.17010252733745673,0.14843040006552657,1238977.7004048536,0.0,2525184.0,4.27754608563078
own:13,own,13,cw-b200-8,conditional,5655163.981282817,5718360.212550608,5250000.0,0.0,35705517267425.984,0.0,1.0,0.45290629255160575,0.4621492781138834,0.5470937074483943,,0.18361223643730737,0.1601534062571178,1238977.7004048536,0.0,2735616.0,4.615385902976343
own:14,own,14,cw-b200-8,conditional,6071256.186146135,6136936.212550607,5650000.0,0.0,35705517267425.984,0.0,1.0,0.4205558430836339,0.4291386153914632,0.5794441569163661,,0.19712194553715803,0.1718764124487089,1238977.7004048536,0.0,2946048.0,4.953225720321904
own:15,own,15,cw-b200-8,conditional,6487348.391009456,6555512.212550607,6050000.0,0.0,35705517267425.984,0.0,1.0,0.39251878687805836,0.4005293743653657,0.6074812131219416,,0.21063165463700873,0.18359941864030008,1238977.7004048536,0.0,3156480.0,5.291065537667466
own:16,own,16,cw-b200-8,conditional,6903440.595872773,6974088.212550608,6450000.0,0.0,35705517267425.984,0.0,1.0,0.3679863626981797,0.3754962884675303,0.6320136373018204,,0.22414136373685936,0.1953224248318913,1238977.7004048536,0.0,3366912.0,5.628905355013029
own:17,own,17,cw-b200-8,conditional,7319532.800736093,7392664.212550607,6850000.0,0.0,35705517267425.984,0.0,1.0,0.346340106068875,0.353408271498852,0.653659893931125,,0.23765107283671008,0.2070454310234824,1238977.7004048536,0.0,3577344.0,5.966745172358589
own:18,own,18,cw-b200-8,conditional,7735625.005599409,7811240.212550607,7250000.0,0.0,35705517267425.984,0.0,1.0,0.3270989890650486,0.3337744786378047,0.6729010109349514,,0.25116078193656066,0.21876843721507355,1238977.7004048536,0.0,3787776.0,6.304584989704151
own:19,own,19,cw-b200-8,conditional,8151717.210462729,8229816.212550608,7650000.0,0.0,35705517267425.984,0.0,1.0,0.3098832527984671,0.31620740081476234,0.6901167472015328,,0.2646704910364114,0.23049144340666478,1238977.7004048536,0.0,3998208.0,6.642424807049714
own:20,own,20,cw-b200-8,conditional,8567809.415326046,8648392.212550605,8050000.0,0.0,35705517267425.984,0.0,1.0,0.29438909015854375,0.30039703077402424,0.7056109098414562,,0.278180200136262,0.24221444959825583,1238977.7004048536,0.0,4208640.0,6.980264624395273
own:21,own,21,cw-b200-8,conditional,8983901.620189369,9066968.212550608,8450000.0,0.0,35705517267425.984,0.0,1.0,0.28037056205575595,0.2860924102609755,0.719629437944244,,0.29168990923611277,0.2539374557898471,1238977.7004048536,0.0,4419072.0,7.3181044417408385
own:22,own,22,cw-b200-8,conditional,9399993.825052688,9485544.212550605,8850000.0,0.0,35705517267425.984,0.0,1.0,0.26762644559867615,0.2730882097945675,0.7323735544013239,,0.30519961833596343,0.26566046198143817,1238977.7004048536,0.0,4629504.0,7.6559442590863975
own:23,own,23,cw-b200-8,conditional,9816086.029916003,9904120.212550608,9250000.0,0.0,35705517267425.984,0.0,1.0,0.2559905131813424,0.2612148093687167,0.7440094868186575,,0.31870932743581404,0.27738346817302945,1238977.7004048536,0.0,4839936.0,7.993784076431962
own:24,own,24,cw-b200-8,conditional,10232178.234779323,10322696.212550608,9650000.0,0.0,35705517267425.984,0.0,1.0,0.24532424179878645,0.25033085897835355,0.7546757582012136,,0.3322190365356647,0.2891064743646206,1238977.7004048536,0.0,5050368.0,8.331623893777524
own:25,own,25,cw-b200-8,conditional,10648270.439642642,10741272.212550605,10050000.0,0.0,35705517267425.984,0.0,1.0,0.235511272126835,0.24031762461921938,0.764488727873165,,0.3457287456355154,0.30082948055621167,1238977.7004048536,0.0,5260800.0,8.669463711123083
own:26,own,26,cw-b200-8,conditional,11064362.644505963,11159848.212550608,10450000.0,0.0,35705517267425.984,0.0,1.0,0.22645314627580287,0.2310746390569417,0.7735468537241972,,0.35923845473536614,0.31255248674780295,1238977.7004048536,0.0,5471232.0,9.007303528468647
own:27,own,27,cw-b200-8,conditional,11480454.84936928,11578424.212550608,10850000.0,0.0,35705517267425.984,0.0,1.0,0.2180659927100324,0.2225163190918698,0.7819340072899676,,0.37274816383521675,0.3242754929393941,1238977.7004048536,0.0,5681664.0,9.34514334581421
own:28,own,28,cw-b200-8,conditional,11896547.054232595,11997000.212550605,11250000.0,0.0,35705517267425.984,0.0,1.0,0.21027792154181696,0.2145693076957316,0.7897220784581831,,0.3862578729350673,0.3359984991309852,1238977.7004048536,0.0,5892096.0,9.682983163159768
own:29,own,29,cw-b200-8,conditional,12312639.259095917,12415576.212550608,11650000.0,0.0,35705517267425.984,0.0,1.0,0.20302695873003018,0.2071703660510512,0.7969730412699698,,0.399767582034918,0.34772150532257645,1238977.7004048536,0.0,6102528.0,10.020822980505333
own:30,own,30,cw-b200-8,conditional,12728731.463959234,12834152.212550608,12050000.0,0.0,35705517267425.984,0.0,1.0,0.19625939343902918,0.20026468718268284,0.8037406065609708,,0.4132772911347687,0.3594445115141676,1238977.7004048536,0.0,6312960.0,10.358662797850895
own:31,own,31,cw-b200-8,conditional,13144823.668822555,13252728.212550605,12450000.0,0.0,35705517267425.984,0.0,1.0,0.1899284452635766,0.19380453598324143,0.8100715547364234,,0.4267870002346194,0.3711675177057587,1238977.7004048536,0.0,6523392.0,10.696502615196454
own:32,own,32,cw-b200-8,conditional,13560915.87368587,13671304.212550608,12850000.0,0.0,35705517267425.984,0.0,1.0,0.18399318134908985,0.18774814423376515,0.8160068186509102,,0.44029670933447,0.38289052389734995,1238977.7004048536,0.0,6733824.0,11.034342432542019
